-- ============================================================
--  Datos mock realistas para schema_v3.sql
--  Idioma: espanol
--  Base: PostgreSQL
--
--  Credenciales demo documentadas en texto plano:
--    Plataforma:   plataforma@veloservice.cl    / PlataformaDemo2026!
--    Plataforma:   mj.contrerasg@duocuc.cl      / Plataforma2026!
--    Admin taller: admin@andespedal.cl          / AdminTaller2026!
--    Jefe taller:  jefe@andespedal.cl           / JefeTaller2026!
--    Jefe taller:  jefe@rutasur.cl              / JefeTaller2026!
--    Mecanico:     mecanico@andespedal.cl       / Mecanico2026!
--    Mecanico:     mecanico2@andespedal.cl      / Mecanico2026!
--    Mecanico:     mecanico@rutasur.cl          / Mecanico2026!
--    Recepcion:    recepcion@andespedal.cl      / Recepcion2026!
--    Recepcion:    recepcion@rutasur.cl         / Recepcion2026!
--
--  Las contrasenas se almacenan como BCrypt costo 12.
-- ============================================================

BEGIN;

INSERT INTO usuarios_plataforma (id, nombre, apellido, email, telefono, password_hash, activo, created_at, updated_at)
VALUES
('00000000-0000-4000-8000-000000000001', 'Andrés', 'Muñoz', 'plataforma@veloservice.cl', '+56912345678', '$2y$12$.8UlSYt0Lr9YOdcWnNK.1uCZuOZAfxbAw9eyhBj/mu/FVpdOoCqAK', TRUE, NOW() - INTERVAL '90 days', NOW() - INTERVAL '3 days');

INSERT INTO planes_saas (id, codigo, nombre, descripcion, orden, activo)
VALUES
('00000000-0000-4000-8000-000000000101', 'basico', 'Basico', 'Plan para talleres pequenos con una sucursal y operacion esencial.', 1, TRUE),
('00000000-0000-4000-8000-000000000102', 'profesional', 'Profesional', 'Plan para talleres con varias sucursales, inventario y reportes.', 2, TRUE),
('00000000-0000-4000-8000-000000000103', 'enterprise', 'Enterprise', 'Plan avanzado para cadenas con soporte prioritario.', 3, TRUE);

INSERT INTO talleres (id, plan_id, nombre, rut, telefono, email, logo_url, activo, created_at, updated_at)
VALUES
('10000000-0000-4000-8000-000000000001', '00000000-0000-4000-8000-000000000102', 'VeloService', '76.845.210-3', '+56223211220', 'contacto@andespedal.cl', 'https://cdn.veloservice.cl/logos/andes-pedal.png', TRUE, NOW() - INTERVAL '75 days', NOW() - INTERVAL '2 days'),
('10000000-0000-4000-8000-000000000002', '00000000-0000-4000-8000-000000000101', 'Ruta Sur Bicicletas', '77.112.980-5', '+56452204510', 'hola@rutasur.cl', NULL, TRUE, NOW() - INTERVAL '55 days', NOW() - INTERVAL '10 days');

INSERT INTO sucursales (id, taller_id, nombre, direccion, telefono, email, activo, created_at, updated_at)
VALUES
('11000000-0000-4000-8000-000000000001', '10000000-0000-4000-8000-000000000001', 'Providencia', 'Av. Ricardo Lyon 1240, Providencia, Santiago', '+56223211221', 'providencia@andespedal.cl', TRUE, NOW() - INTERVAL '74 days', NOW() - INTERVAL '2 days'),
('11000000-0000-4000-8000-000000000002', '10000000-0000-4000-8000-000000000001', 'La Florida', 'Av. Vicuna Mackenna 7350, La Florida, Santiago', '+56223211222', 'laflorida@andespedal.cl', TRUE, NOW() - INTERVAL '60 days', NOW() - INTERVAL '2 days'),
('11000000-0000-4000-8000-000000000003', '10000000-0000-4000-8000-000000000002', 'Casa Matriz Temuco', 'Av. Alemania 0789, Temuco', '+56452204511', 'temuco@rutasur.cl', TRUE, NOW() - INTERVAL '54 days', NOW() - INTERVAL '10 days');

INSERT INTO roles (id, nombre, descripcion, ambito, activo)
VALUES
('12000000-0000-4000-8000-000000000001', 'admin_taller', 'Administrador del taller con acceso a todas las sucursales.', 'taller', TRUE),
('12000000-0000-4000-8000-000000000002', 'jefe_taller', 'Responsable operativo de una o mas sucursales.', 'sucursal', TRUE),
('12000000-0000-4000-8000-000000000003', 'mecanico', 'Tecnico que ejecuta diagnosticos y reparaciones.', 'sucursal', TRUE),
('12000000-0000-4000-8000-000000000004', 'recepcionista', 'Usuario de recepcion, clientes, ordenes y cobros.', 'sucursal', TRUE);

INSERT INTO modulos (id, nombre, descripcion, ruta, activo)
VALUES
('13000000-0000-4000-8000-000000000001', 'Dashboard', 'Resumen diario de operacion y alertas.', '/dashboard', TRUE),
('13000000-0000-4000-8000-000000000002', 'Ordenes', 'Gestion de ordenes de trabajo.', '/ordenes', TRUE),
('13000000-0000-4000-8000-000000000003', 'Clientes', 'Clientes y bicicletas.', '/clientes', TRUE),
('13000000-0000-4000-8000-000000000004', 'Inventario', 'Productos, stock y traslados.', '/inventario', TRUE),
('13000000-0000-4000-8000-000000000005', 'Compras', 'Proveedores y compras.', '/compras', TRUE),
('13000000-0000-4000-8000-000000000006', 'Finanzas', 'Cobros y documentos de venta.', '/finanzas', TRUE),
('13000000-0000-4000-8000-000000000007', 'Administracion', 'Usuarios, sucursales y configuracion.', '/administracion', TRUE);

INSERT INTO rol_permisos (id, rol_id, modulo_id, puede_ver, puede_crear, puede_editar, puede_eliminar)
VALUES
('14000000-0000-4000-8000-000000000001', '12000000-0000-4000-8000-000000000001', '13000000-0000-4000-8000-000000000001', TRUE, TRUE, TRUE, TRUE),
('14000000-0000-4000-8000-000000000002', '12000000-0000-4000-8000-000000000001', '13000000-0000-4000-8000-000000000002', TRUE, TRUE, TRUE, TRUE),
('14000000-0000-4000-8000-000000000003', '12000000-0000-4000-8000-000000000001', '13000000-0000-4000-8000-000000000003', TRUE, TRUE, TRUE, TRUE),
('14000000-0000-4000-8000-000000000004', '12000000-0000-4000-8000-000000000001', '13000000-0000-4000-8000-000000000004', TRUE, TRUE, TRUE, TRUE),
('14000000-0000-4000-8000-000000000005', '12000000-0000-4000-8000-000000000001', '13000000-0000-4000-8000-000000000005', TRUE, TRUE, TRUE, TRUE),
('14000000-0000-4000-8000-000000000006', '12000000-0000-4000-8000-000000000001', '13000000-0000-4000-8000-000000000006', TRUE, TRUE, TRUE, TRUE),
('14000000-0000-4000-8000-000000000007', '12000000-0000-4000-8000-000000000001', '13000000-0000-4000-8000-000000000007', TRUE, TRUE, TRUE, TRUE),
('14000000-0000-4000-8000-000000000008', '12000000-0000-4000-8000-000000000002', '13000000-0000-4000-8000-000000000001', TRUE, FALSE, FALSE, FALSE),
('14000000-0000-4000-8000-000000000009', '12000000-0000-4000-8000-000000000002', '13000000-0000-4000-8000-000000000002', TRUE, TRUE, TRUE, FALSE),
('14000000-0000-4000-8000-000000000010', '12000000-0000-4000-8000-000000000002', '13000000-0000-4000-8000-000000000004', TRUE, TRUE, TRUE, FALSE),
('14000000-0000-4000-8000-000000000011', '12000000-0000-4000-8000-000000000003', '13000000-0000-4000-8000-000000000001', TRUE, FALSE, FALSE, FALSE),
('14000000-0000-4000-8000-000000000012', '12000000-0000-4000-8000-000000000003', '13000000-0000-4000-8000-000000000002', TRUE, TRUE, TRUE, FALSE),
('14000000-0000-4000-8000-000000000013', '12000000-0000-4000-8000-000000000004', '13000000-0000-4000-8000-000000000002', TRUE, TRUE, TRUE, FALSE),
('14000000-0000-4000-8000-000000000014', '12000000-0000-4000-8000-000000000004', '13000000-0000-4000-8000-000000000003', TRUE, TRUE, TRUE, FALSE),
('14000000-0000-4000-8000-000000000015', '12000000-0000-4000-8000-000000000004', '13000000-0000-4000-8000-000000000006', TRUE, TRUE, FALSE, FALSE);

INSERT INTO usuarios (id, taller_id, rol_id, nombre, apellido, rut, email, telefono, password_hash, activo, last_login, created_at, updated_at)
VALUES
('15000000-0000-4000-8000-000000000001', '10000000-0000-4000-8000-000000000001', '12000000-0000-4000-8000-000000000001', 'Valentina', 'Rojas', '15.482.330-8', 'admin@andespedal.cl', '+56961234501', '$2y$12$ZwGbqaGZfnZVA.HTAx3TvuRVRUVgUQUYVBBCYwlDO3U4qz7gP0wte', TRUE, NOW() - INTERVAL '1 day', NOW() - INTERVAL '70 days', NOW() - INTERVAL '1 day'),
('15000000-0000-4000-8000-000000000002', '10000000-0000-4000-8000-000000000001', '12000000-0000-4000-8000-000000000002', 'Matias', 'Fuentes', '16.334.901-2', 'jefe@andespedal.cl', '+56961234502', '$2y$12$GlYFOznvekJnbF7zdALkVeR5QN66GQeV0z5Yqg1h9STqg76gevx/u', TRUE, NOW() - INTERVAL '6 hours', NOW() - INTERVAL '64 days', NOW() - INTERVAL '6 hours'),
('15000000-0000-4000-8000-000000000003', '10000000-0000-4000-8000-000000000001', '12000000-0000-4000-8000-000000000003', 'Diego', 'Pizarro', '18.125.774-6', 'mecanico@andespedal.cl', '+56961234503', '$2y$12$2YRTL7H4Pnh9Ydo/Em8s6OB7KCMp9KBCf7Jh6Jbsc6Rh9Fi77Rtai', TRUE, NOW() - INTERVAL '2 hours', NOW() - INTERVAL '60 days', NOW() - INTERVAL '2 hours'),
('15000000-0000-4000-8000-000000000004', '10000000-0000-4000-8000-000000000001', '12000000-0000-4000-8000-000000000004', 'Camila', 'Silva', '19.882.410-9', 'recepcion@andespedal.cl', '+56961234504', '$2y$12$RecPaFY0eMGmFg2MsN7cP.VRRBcNZGwkTp1RGxqRz.MyiXUA7HO.G', TRUE, NOW() - INTERVAL '4 hours', NOW() - INTERVAL '58 days', NOW() - INTERVAL '4 hours'),
('15000000-0000-4000-8000-000000000005', '10000000-0000-4000-8000-000000000002', '12000000-0000-4000-8000-000000000001', 'Andres', 'Mellado', '14.009.226-1', 'admin@rutasur.cl', '+56972001000', '$2y$12$ZwGbqaGZfnZVA.HTAx3TvuRVRUVgUQUYVBBCYwlDO3U4qz7gP0wte', TRUE, NOW() - INTERVAL '7 days', NOW() - INTERVAL '50 days', NOW() - INTERVAL '7 days');

INSERT INTO usuario_sucursales (id, usuario_id, sucursal_id, es_principal, created_at)
VALUES
('16000000-0000-4000-8000-000000000001', '15000000-0000-4000-8000-000000000002', '11000000-0000-4000-8000-000000000001', TRUE, NOW() - INTERVAL '64 days'),
('16000000-0000-4000-8000-000000000002', '15000000-0000-4000-8000-000000000002', '11000000-0000-4000-8000-000000000002', FALSE, NOW() - INTERVAL '64 days'),
('16000000-0000-4000-8000-000000000003', '15000000-0000-4000-8000-000000000003', '11000000-0000-4000-8000-000000000001', TRUE, NOW() - INTERVAL '60 days'),
('16000000-0000-4000-8000-000000000004', '15000000-0000-4000-8000-000000000004', '11000000-0000-4000-8000-000000000001', TRUE, NOW() - INTERVAL '58 days');

INSERT INTO password_reset_tokens (id, user_id, token_hash, expires_at, used, created_at)
VALUES
('17000000-0000-4000-8000-000000000001', '15000000-0000-4000-8000-000000000004', '4fa1c96e9e21f4bb6eddf558413b9a9e44509ff1288e3c3d61bb64ebf2e71d41', NOW() - INTERVAL '20 days', TRUE, NOW() - INTERVAL '21 days');

INSERT INTO membresias (id, taller_id, nombre, descripcion, porcentaje_descuento, prioridad_atencion, color_badge, activo)
VALUES
('18000000-0000-4000-8000-000000000001', '10000000-0000-4000-8000-000000000001', 'Bronce', 'Cliente frecuente con descuento inicial en mantenciones.', 5.00, 1, '#A97142', TRUE),
('18000000-0000-4000-8000-000000000002', '10000000-0000-4000-8000-000000000001', 'Plata', 'Cliente con dos o mas bicicletas activas.', 10.00, 2, '#8A94A6', TRUE),
('18000000-0000-4000-8000-000000000003', '10000000-0000-4000-8000-000000000001', 'Oro', 'Cliente preferente con prioridad de taller.', 15.00, 3, '#D6A84F', TRUE);

INSERT INTO clientes (id, taller_id, codigo_cliente, membresia_id, nombre, apellido, rut, telefono, email, direccion, notas, membresia_desde, created_at, updated_at)
VALUES
('19000000-0000-4000-8000-000000000001', '10000000-0000-4000-8000-000000000001', 'CL-0001', '18000000-0000-4000-8000-000000000003', 'Francisca', 'Contreras', '17.345.201-9', '+56981110001', 'francisca.contreras@mail.cl', 'Los Leones 940, Providencia', 'Compite en gran fondo; prefiere retiro despues de las 18:00.', NOW() - INTERVAL '210 days', NOW() - INTERVAL '200 days', NOW() - INTERVAL '5 days'),
('19000000-0000-4000-8000-000000000002', '10000000-0000-4000-8000-000000000001', 'CL-0002', '18000000-0000-4000-8000-000000000002', 'Rodrigo', 'Ahumada', '13.774.890-5', '+56981110002', 'rodrigo.ahumada@mail.cl', 'Brown Norte 188, Nunoa', 'Usa la bicicleta para ir al trabajo todo el ano.', NOW() - INTERVAL '140 days', NOW() - INTERVAL '140 days', NOW() - INTERVAL '8 days'),
('19000000-0000-4000-8000-000000000003', '10000000-0000-4000-8000-000000000001', 'CL-0003', NULL, 'Daniela', 'Vega', '20.112.430-1', '+56981110003', 'daniela.vega@mail.cl', 'Av. La Florida 9820, La Florida', 'Solicita cotizacion antes de cambiar repuestos caros.', NULL, NOW() - INTERVAL '35 days', NOW() - INTERVAL '1 day'),
('19000000-0000-4000-8000-000000000004', '10000000-0000-4000-8000-000000000001', 'CL-0004', '18000000-0000-4000-8000-000000000001', 'Hector', 'Tapia', '12.934.220-K', '+56981110004', 'hector.tapia@mail.cl', 'Santa Isabel 320, Santiago', 'Repartidor, requiere entregas rapidas cuando es posible.', NOW() - INTERVAL '65 days', NOW() - INTERVAL '65 days', NOW() - INTERVAL '3 days');

INSERT INTO bicicletas (id, cliente_id, marca, modelo, tipo, aro, color, numero_serie, anio, foto_url, notas, created_at, updated_at)
VALUES
('20000000-0000-4000-8000-000000000001', '19000000-0000-4000-8000-000000000001', 'Specialized', 'Tarmac SL6', 'Ruta', '700c', 'Rojo carbono', 'SPZ-TAR-2021-8831', 2021, 'https://cdn.veloservice.cl/bicis/tarmac-francisca.jpg', 'Transmision Shimano 105 11v.', NOW() - INTERVAL '198 days', NOW() - INTERVAL '6 days'),
('20000000-0000-4000-8000-000000000002', '19000000-0000-4000-8000-000000000002', 'Trek', 'Marlin 7', 'MTB', '29', 'Negro mate', 'TRK-MAR-2022-1120', 2022, NULL, 'Uso urbano con parrilla trasera.', NOW() - INTERVAL '130 days', NOW() - INTERVAL '8 days'),
('20000000-0000-4000-8000-000000000003', '19000000-0000-4000-8000-000000000003', 'Giant', 'Escape 2', 'Urbana', '700c', 'Azul', 'GNT-ESC-2020-4502', 2020, NULL, 'Frenos hidraulicos, punos gastados.', NOW() - INTERVAL '34 days', NOW() - INTERVAL '1 day'),
('20000000-0000-4000-8000-000000000004', '19000000-0000-4000-8000-000000000004', 'Oxford', 'Merak', 'Cargo', '26', 'Gris', 'OXF-MER-2019-3200', 2019, NULL, 'Bicicleta de reparto con canasto delantero.', NOW() - INTERVAL '64 days', NOW() - INTERVAL '3 days');

INSERT INTO servicios (id, taller_id, nombre, descripcion, precio_base, es_garantia, activo, created_at)
VALUES
('21000000-0000-4000-8000-000000000001', '10000000-0000-4000-8000-000000000001', 'Mantencion general', 'Ajuste completo de frenos, cambios, ruedas y limpieza tecnica.', 38900, FALSE, TRUE, NOW() - INTERVAL '70 days'),
('21000000-0000-4000-8000-000000000002', '10000000-0000-4000-8000-000000000001', 'Sangrado de frenos hidraulicos', 'Cambio de aceite mineral o DOT segun sistema.', 24900, FALSE, TRUE, NOW() - INTERVAL '70 days'),
('21000000-0000-4000-8000-000000000003', '10000000-0000-4000-8000-000000000001', 'Ajuste de transmision', 'Regulacion de cambios, tension de piolas y revision de desgaste.', 15900, FALSE, TRUE, NOW() - INTERVAL '70 days'),
('21000000-0000-4000-8000-000000000004', '10000000-0000-4000-8000-000000000001', 'Revision por garantia', 'Diagnostico sin costo para trabajos con garantia vigente.', 0, TRUE, TRUE, NOW() - INTERVAL '70 days');

INSERT INTO sucursal_servicios (id, sucursal_id, servicio_id, precio_personalizado, activo, created_at)
VALUES
('22000000-0000-4000-8000-000000000001', '11000000-0000-4000-8000-000000000001', '21000000-0000-4000-8000-000000000001', 40900, TRUE, NOW() - INTERVAL '69 days'),
('22000000-0000-4000-8000-000000000002', '11000000-0000-4000-8000-000000000001', '21000000-0000-4000-8000-000000000002', 25900, TRUE, NOW() - INTERVAL '69 days'),
('22000000-0000-4000-8000-000000000003', '11000000-0000-4000-8000-000000000001', '21000000-0000-4000-8000-000000000003', 15900, TRUE, NOW() - INTERVAL '69 days'),
('22000000-0000-4000-8000-000000000004', '11000000-0000-4000-8000-000000000002', '21000000-0000-4000-8000-000000000001', 37900, TRUE, NOW() - INTERVAL '58 days');

INSERT INTO categorias_producto (id, taller_id, nombre, descripcion, activo)
VALUES
('23000000-0000-4000-8000-000000000001', '10000000-0000-4000-8000-000000000001', 'Transmision', 'Cadenas, piolas, cassettes, platos y pata de cambio.', TRUE),
('23000000-0000-4000-8000-000000000002', '10000000-0000-4000-8000-000000000001', 'Frenos', 'Pastillas, discos, aceite y accesorios de freno.', TRUE),
('23000000-0000-4000-8000-000000000003', '10000000-0000-4000-8000-000000000001', 'Ruedas y neumaticos', 'Camaras, neumaticos, rayos y sellante.', TRUE);

INSERT INTO productos (id, sucursal_id, categoria_id, nombre, sku, marca, unidad_medida, precio_costo, precio_venta, stock, stock_minimo, activo, created_at, updated_at)
VALUES
('24000000-0000-4000-8000-000000000001', '11000000-0000-4000-8000-000000000001', '23000000-0000-4000-8000-000000000001', 'Cadena Shimano HG601 11v', 'SH-HG601-11', 'Shimano', 'unidad', 14500, 22900, 8, 3, TRUE, NOW() - INTERVAL '68 days', NOW() - INTERVAL '1 day'),
('24000000-0000-4000-8000-000000000002', '11000000-0000-4000-8000-000000000001', '23000000-0000-4000-8000-000000000002', 'Pastillas Shimano B05S resina', 'SH-B05S-RES', 'Shimano', 'par', 5200, 9900, 14, 5, TRUE, NOW() - INTERVAL '68 days', NOW() - INTERVAL '1 day'),
('24000000-0000-4000-8000-000000000003', '11000000-0000-4000-8000-000000000001', '23000000-0000-4000-8000-000000000003', 'Camara 700x25/32 valvula presta', 'KND-CAM-700P', 'Kenda', 'unidad', 2800, 5900, 22, 8, TRUE, NOW() - INTERVAL '68 days', NOW() - INTERVAL '1 day'),
('24000000-0000-4000-8000-000000000004', '11000000-0000-4000-8000-000000000002', '23000000-0000-4000-8000-000000000001', 'Piola cambio inox universal', 'JAG-PIOLA-CAMBIO', 'Jagwire', 'unidad', 1200, 3500, 18, 6, TRUE, NOW() - INTERVAL '55 days', NOW() - INTERVAL '3 days'),
('24000000-0000-4000-8000-000000000005', '11000000-0000-4000-8000-000000000002', '23000000-0000-4000-8000-000000000003', 'Sellante tubeless 250 ml', 'STANS-250', 'Stans', 'botella', 4800, 8900, 6, 4, TRUE, NOW() - INTERVAL '55 days', NOW() - INTERVAL '3 days');

INSERT INTO proveedores (id, taller_id, nombre, rut, telefono, email, direccion, activo, created_at)
VALUES
('25000000-0000-4000-8000-000000000001', '10000000-0000-4000-8000-000000000001', 'Distribuidora Ciclo Norte SpA', '76.330.441-2', '+56224110000', 'ventas@ciclonorte.cl', 'San Pablo 4800, Quinta Normal', TRUE, NOW() - INTERVAL '66 days'),
('25000000-0000-4000-8000-000000000002', '10000000-0000-4000-8000-000000000001', 'Importadora Andes Bike', '77.920.118-8', '+56225559000', 'pedidos@andesbike.cl', 'Av. Departamental 1550, San Miguel', TRUE, NOW() - INTERVAL '62 days');

INSERT INTO sucursal_proveedores (id, sucursal_id, proveedor_id, codigo_cliente, condicion_pago, contacto_asignado, activo, created_at)
VALUES
('26000000-0000-4000-8000-000000000001', '11000000-0000-4000-8000-000000000001', '25000000-0000-4000-8000-000000000001', 'AP-PROV-001', '30 dias contra factura', 'Paula Herrera', TRUE, NOW() - INTERVAL '65 days'),
('26000000-0000-4000-8000-000000000002', '11000000-0000-4000-8000-000000000001', '25000000-0000-4000-8000-000000000002', 'AP-PROV-014', 'Transferencia al recibir', 'Nicolas Ibarra', TRUE, NOW() - INTERVAL '61 days'),
('26000000-0000-4000-8000-000000000003', '11000000-0000-4000-8000-000000000002', '25000000-0000-4000-8000-000000000001', 'AP-LF-002', '30 dias contra factura', 'Paula Herrera', TRUE, NOW() - INTERVAL '55 days');

INSERT INTO estados_compra (id, codigo, nombre, orden)
VALUES
('27000000-0000-4000-8000-000000000001', 'borrador', 'Borrador', 1),
('27000000-0000-4000-8000-000000000002', 'confirmada', 'Confirmada', 2),
('27000000-0000-4000-8000-000000000003', 'recibida_parcial', 'Recibida parcial', 3),
('27000000-0000-4000-8000-000000000004', 'recibida', 'Recibida', 4),
('27000000-0000-4000-8000-000000000005', 'anulada', 'Anulada', 5);

INSERT INTO compras (id, sucursal_proveedor_id, usuario_id, estado_id, numero_factura, neto, iva, total, fecha_compra, fecha_recepcion, notas, created_at)
VALUES
('28000000-0000-4000-8000-000000000001', '26000000-0000-4000-8000-000000000001', '15000000-0000-4000-8000-000000000002', '27000000-0000-4000-8000-000000000004', 'F-87421', 165000, 31350, 196350, CURRENT_DATE - 18, CURRENT_DATE - 16, 'Reposicion mensual de cadenas, pastillas y camaras.', NOW() - INTERVAL '18 days'),
('28000000-0000-4000-8000-000000000002', '26000000-0000-4000-8000-000000000002', '15000000-0000-4000-8000-000000000002', '27000000-0000-4000-8000-000000000002', 'F-12007', 72000, 13680, 85680, CURRENT_DATE - 3, NULL, 'Pedido de sellante y accesorios para temporada de lluvia.', NOW() - INTERVAL '3 days');

INSERT INTO compra_productos (id, compra_id, producto_id, cantidad, precio_unitario, subtotal)
VALUES
('29000000-0000-4000-8000-000000000001', '28000000-0000-4000-8000-000000000001', '24000000-0000-4000-8000-000000000001', 6, 14500, 87000),
('29000000-0000-4000-8000-000000000002', '28000000-0000-4000-8000-000000000001', '24000000-0000-4000-8000-000000000002', 10, 5200, 52000),
('29000000-0000-4000-8000-000000000003', '28000000-0000-4000-8000-000000000001', '24000000-0000-4000-8000-000000000003', 9, 2800, 25200),
('29000000-0000-4000-8000-000000000004', '28000000-0000-4000-8000-000000000002', '24000000-0000-4000-8000-000000000005', 15, 4800, 72000);

INSERT INTO estados_orden (id, codigo, nombre, orden, es_final)
VALUES
('30000000-0000-4000-8000-000000000001', 'recibida', 'Recibida', 1, FALSE),
('30000000-0000-4000-8000-000000000002', 'en_diagnostico', 'En diagnostico', 2, FALSE),
('30000000-0000-4000-8000-000000000003', 'esperando_repuestos', 'Esperando repuestos', 3, FALSE),
('30000000-0000-4000-8000-000000000004', 'en_reparacion', 'En reparacion', 4, FALSE),
('30000000-0000-4000-8000-000000000005', 'control_calidad', 'Control de calidad', 5, FALSE),
('30000000-0000-4000-8000-000000000006', 'lista_para_entrega', 'Lista para entrega', 6, FALSE),
('30000000-0000-4000-8000-000000000007', 'entregada', 'Entregada', 7, TRUE),
('30000000-0000-4000-8000-000000000008', 'cancelada', 'Cancelada', 8, TRUE);

INSERT INTO tipos_orden (id, codigo, nombre, activo)
VALUES
('31000000-0000-4000-8000-000000000001', 'mantencion', 'Mantencion', TRUE),
('31000000-0000-4000-8000-000000000002', 'reparacion', 'Reparacion', TRUE),
('31000000-0000-4000-8000-000000000003', 'revision', 'Revision', TRUE),
('31000000-0000-4000-8000-000000000004', 'armado', 'Armado', TRUE),
('31000000-0000-4000-8000-000000000005', 'garantia', 'Garantia', TRUE),
('31000000-0000-4000-8000-000000000006', 'personalizacion', 'Personalizacion', TRUE);

INSERT INTO ordenes (id, taller_id, sucursal_id, bicicleta_id, mecanico_id, estado_id, tipo_id, numero_orden, diagnostico_inicial, diagnostico_final, observaciones_cliente, descuento_manual, porcentaje_descuento_membresia, fecha_ingreso, fecha_prometida, fecha_entrega, created_at, updated_at)
VALUES
('32000000-0000-4000-8000-000000000001', '10000000-0000-4000-8000-000000000001', '11000000-0000-4000-8000-000000000001', '20000000-0000-4000-8000-000000000001', '15000000-0000-4000-8000-000000000003', '30000000-0000-4000-8000-000000000007', '31000000-0000-4000-8000-000000000001', 'OT-00001', 'Cadena con elongacion sobre 0,75 y freno trasero descentrado.', 'Se reemplazo cadena, se regularon cambios y frenos. Prueba de ruta conforme.', 'Cliente solicita revisar presion para gran fondo del fin de semana.', 0, 15.00, NOW() - INTERVAL '12 days', NOW() - INTERVAL '9 days', NOW() - INTERVAL '8 days', NOW() - INTERVAL '12 days', NOW() - INTERVAL '8 days'),
('32000000-0000-4000-8000-000000000002', '10000000-0000-4000-8000-000000000001', '11000000-0000-4000-8000-000000000001', '20000000-0000-4000-8000-000000000002', '15000000-0000-4000-8000-000000000003', '30000000-0000-4000-8000-000000000004', '31000000-0000-4000-8000-000000000002', 'OT-00002', 'Freno delantero esponjoso y pastillas contaminadas.', NULL, 'Necesita bicicleta para uso diario desde el lunes.', 3000, 10.00, NOW() - INTERVAL '2 days', NOW() + INTERVAL '1 day', NULL, NOW() - INTERVAL '2 days', NOW() - INTERVAL '4 hours'),
('32000000-0000-4000-8000-000000000003', '10000000-0000-4000-8000-000000000001', '11000000-0000-4000-8000-000000000001', '20000000-0000-4000-8000-000000000003', '15000000-0000-4000-8000-000000000003', '30000000-0000-4000-8000-000000000001', '31000000-0000-4000-8000-000000000003', 'OT-00003', 'Cliente reporta ruido al pedalear en subida.', NULL, 'Avisar por WhatsApp antes de aprobar repuestos.', 0, 0.00, NOW() - INTERVAL '5 hours', NOW() + INTERVAL '3 days', NULL, NOW() - INTERVAL '5 hours', NOW() - INTERVAL '5 hours'),
('32000000-0000-4000-8000-000000000004', '10000000-0000-4000-8000-000000000001', '11000000-0000-4000-8000-000000000001', '20000000-0000-4000-8000-000000000004', '15000000-0000-4000-8000-000000000003', '30000000-0000-4000-8000-000000000006', '31000000-0000-4000-8000-000000000002', 'OT-00004', 'Pinchazo recurrente en rueda trasera y piola de cambio oxidada.', 'Se instalo camara nueva, fondo de llanta y piola de cambio. Falta entrega.', 'Cliente pasa a retirar al cierre.', 0, 5.00, NOW() - INTERVAL '4 days', NOW(), NULL, NOW() - INTERVAL '4 days', NOW() - INTERVAL '1 hour');

INSERT INTO orden_estados (id, orden_id, usuario_id, estado_anterior_id, estado_nuevo_id, observacion, created_at)
VALUES
('33000000-0000-4000-8000-000000000001', '32000000-0000-4000-8000-000000000001', '15000000-0000-4000-8000-000000000004', NULL, '30000000-0000-4000-8000-000000000001', 'Orden ingresada en recepcion.', NOW() - INTERVAL '12 days'),
('33000000-0000-4000-8000-000000000002', '32000000-0000-4000-8000-000000000001', '15000000-0000-4000-8000-000000000003', '30000000-0000-4000-8000-000000000001', '30000000-0000-4000-8000-000000000004', 'Repuestos disponibles, se inicia trabajo.', NOW() - INTERVAL '11 days'),
('33000000-0000-4000-8000-000000000003', '32000000-0000-4000-8000-000000000001', '15000000-0000-4000-8000-000000000003', '30000000-0000-4000-8000-000000000004', '30000000-0000-4000-8000-000000000007', 'Trabajo entregado y probado.', NOW() - INTERVAL '8 days'),
('33000000-0000-4000-8000-000000000004', '32000000-0000-4000-8000-000000000002', '15000000-0000-4000-8000-000000000004', NULL, '30000000-0000-4000-8000-000000000001', 'Orden ingresada por freno delantero.', NOW() - INTERVAL '2 days'),
('33000000-0000-4000-8000-000000000005', '32000000-0000-4000-8000-000000000002', '15000000-0000-4000-8000-000000000003', '30000000-0000-4000-8000-000000000001', '30000000-0000-4000-8000-000000000004', 'Sangrado iniciado; pastillas listas para cambio.', NOW() - INTERVAL '4 hours'),
('33000000-0000-4000-8000-000000000006', '32000000-0000-4000-8000-000000000004', '15000000-0000-4000-8000-000000000003', '30000000-0000-4000-8000-000000000005', '30000000-0000-4000-8000-000000000006', 'Control de calidad aprobado.', NOW() - INTERVAL '1 hour');

INSERT INTO orden_comentarios (id, orden_id, usuario_id, texto, created_at)
VALUES
('34000000-0000-4000-8000-000000000001', '32000000-0000-4000-8000-000000000002', '15000000-0000-4000-8000-000000000003', 'Las pastillas venian contaminadas con aceite; se recomienda limpiar disco antes de entregar.', NOW() - INTERVAL '3 hours'),
('34000000-0000-4000-8000-000000000002', '32000000-0000-4000-8000-000000000003', '15000000-0000-4000-8000-000000000004', 'Cliente autoriza diagnostico, pero pide aprobar presupuesto por mensaje.', NOW() - INTERVAL '4 hours'),
('34000000-0000-4000-8000-000000000003', '32000000-0000-4000-8000-000000000004', '15000000-0000-4000-8000-000000000003', 'Se dejo neumatico trasero con 55 PSI por carga de reparto.', NOW() - INTERVAL '50 minutes');

INSERT INTO orden_servicios (id, orden_id, servicio_id, precio_base_snapshot, precio_aplicado, descuento_aplicado, notas, created_at)
VALUES
('35000000-0000-4000-8000-000000000001', '32000000-0000-4000-8000-000000000001', '21000000-0000-4000-8000-000000000001', 40900, 34765, 6135, 'Descuento membresia Oro aplicado.', NOW() - INTERVAL '12 days'),
('35000000-0000-4000-8000-000000000002', '32000000-0000-4000-8000-000000000002', '21000000-0000-4000-8000-000000000002', 25900, 23310, 2590, 'Descuento membresia Plata antes de descuento manual.', NOW() - INTERVAL '2 days'),
('35000000-0000-4000-8000-000000000003', '32000000-0000-4000-8000-000000000003', '21000000-0000-4000-8000-000000000003', 15900, 15900, 0, 'Revision de transmision pendiente de presupuesto.', NOW() - INTERVAL '5 hours'),
('35000000-0000-4000-8000-000000000004', '32000000-0000-4000-8000-000000000004', '21000000-0000-4000-8000-000000000003', 15900, 15105, 795, 'Descuento membresia Bronce.', NOW() - INTERVAL '4 days');

INSERT INTO orden_productos (id, orden_id, producto_id, cantidad, precio_costo_snapshot, precio_venta_snapshot, precio_aplicado, proporcionado_por_cliente, notas, created_at)
VALUES
('36000000-0000-4000-8000-000000000001', '32000000-0000-4000-8000-000000000001', '24000000-0000-4000-8000-000000000001', 1, 14500, 22900, 19465, FALSE, 'Cadena reemplazada por desgaste.', NOW() - INTERVAL '11 days'),
('36000000-0000-4000-8000-000000000002', '32000000-0000-4000-8000-000000000002', '24000000-0000-4000-8000-000000000002', 1, 5200, 9900, 8910, FALSE, 'Pastillas nuevas para freno delantero.', NOW() - INTERVAL '3 hours'),
('36000000-0000-4000-8000-000000000003', '32000000-0000-4000-8000-000000000004', '24000000-0000-4000-8000-000000000003', 1, 2800, 5900, 5605, FALSE, 'Camara trasera nueva.', NOW() - INTERVAL '3 days'),
('36000000-0000-4000-8000-000000000004', '32000000-0000-4000-8000-000000000004', '24000000-0000-4000-8000-000000000004', 1, 1200, 3500, 3325, FALSE, 'Piola de cambio oxidada.', NOW() - INTERVAL '3 days');

INSERT INTO traslados (id, taller_id, sucursal_origen, sucursal_destino, usuario_id, estado, notas, created_at, updated_at)
VALUES
('37000000-0000-4000-8000-000000000001', '10000000-0000-4000-8000-000000000001', '11000000-0000-4000-8000-000000000002', '11000000-0000-4000-8000-000000000001', '15000000-0000-4000-8000-000000000002', 'recibido', 'Traslado para cubrir demanda de reparaciones en Providencia.', NOW() - INTERVAL '6 days', NOW() - INTERVAL '5 days');

INSERT INTO traslado_productos (id, traslado_id, producto_id, cantidad)
VALUES
('38000000-0000-4000-8000-000000000001', '37000000-0000-4000-8000-000000000001', '24000000-0000-4000-8000-000000000004', 4),
('38000000-0000-4000-8000-000000000002', '37000000-0000-4000-8000-000000000001', '24000000-0000-4000-8000-000000000005', 2);

INSERT INTO movimientos_stock (id, producto_id, orden_id, compra_id, usuario_id, traslado_id, tipo, cantidad, stock_anterior, stock_posterior, motivo, created_at)
VALUES
('39000000-0000-4000-8000-000000000001', '24000000-0000-4000-8000-000000000001', NULL, '28000000-0000-4000-8000-000000000001', '15000000-0000-4000-8000-000000000002', NULL, 'entrada', 6, 3, 9, 'Recepcion de compra F-87421.', NOW() - INTERVAL '16 days'),
('39000000-0000-4000-8000-000000000002', '24000000-0000-4000-8000-000000000001', '32000000-0000-4000-8000-000000000001', NULL, '15000000-0000-4000-8000-000000000003', NULL, 'salida', -1, 9, 8, 'Uso en orden OT-00001.', NOW() - INTERVAL '11 days'),
('39000000-0000-4000-8000-000000000003', '24000000-0000-4000-8000-000000000002', '32000000-0000-4000-8000-000000000002', NULL, '15000000-0000-4000-8000-000000000003', NULL, 'salida', -1, 15, 14, 'Uso en orden OT-00002.', NOW() - INTERVAL '3 hours'),
('39000000-0000-4000-8000-000000000004', '24000000-0000-4000-8000-000000000004', NULL, NULL, '15000000-0000-4000-8000-000000000002', '37000000-0000-4000-8000-000000000001', 'salida', -4, 22, 18, 'Salida por traslado a Providencia.', NOW() - INTERVAL '6 days');

INSERT INTO estados_garantia (id, codigo, nombre, orden, es_final)
VALUES
('40000000-0000-4000-8000-000000000001', 'abierta', 'Abierta', 1, FALSE),
('40000000-0000-4000-8000-000000000002', 'en_revision', 'En revision', 2, FALSE),
('40000000-0000-4000-8000-000000000003', 'aprobada', 'Aprobada', 3, FALSE),
('40000000-0000-4000-8000-000000000004', 'rechazada', 'Rechazada', 4, TRUE),
('40000000-0000-4000-8000-000000000005', 'resuelta', 'Resuelta', 5, TRUE);

INSERT INTO garantias (id, taller_id, orden_id, estado_id, numero_garantia, marca_bicicleta, componente_afectado, descripcion_falla, fecha_inicio, fecha_vencimiento, condiciones, resolucion, created_at, updated_at)
VALUES
('41000000-0000-4000-8000-000000000001', '10000000-0000-4000-8000-000000000001', '32000000-0000-4000-8000-000000000001', '40000000-0000-4000-8000-000000000002', 'GAR-2026-0001', 'Specialized', 'Cambio trasero', 'Cliente reporta salto de cadena en pinones medios despues de la mantencion.', CURRENT_DATE - 2, CURRENT_DATE + 28, 'Garantia valida solo sobre ajuste realizado y repuesto instalado por el taller.', NULL, NOW() - INTERVAL '2 days', NOW() - INTERVAL '2 days');

INSERT INTO multimedia (id, orden_id, usuario_id, url, tipo_archivo, etapa, descripcion, created_at)
VALUES
('42000000-0000-4000-8000-000000000001', '32000000-0000-4000-8000-000000000001', '15000000-0000-4000-8000-000000000003', 'https://cdn.veloservice.cl/ordenes/OT-00001/cadena-desgastada.jpg', 'imagen', 'diagnostico', 'Medicion de elongacion de cadena al ingreso.', NOW() - INTERVAL '12 days'),
('42000000-0000-4000-8000-000000000002', '32000000-0000-4000-8000-000000000002', '15000000-0000-4000-8000-000000000003', 'https://cdn.veloservice.cl/ordenes/OT-00002/freno-delantero.jpg', 'imagen', 'reparacion', 'Caliper delantero antes de limpieza.', NOW() - INTERVAL '3 hours'),
('42000000-0000-4000-8000-000000000003', '32000000-0000-4000-8000-000000000004', '15000000-0000-4000-8000-000000000003', 'https://cdn.veloservice.cl/ordenes/OT-00004/entrega.pdf', 'documento', 'entrega', 'Pauta de control de calidad lista para firma.', NOW() - INTERVAL '1 hour');

INSERT INTO notificaciones (id, orden_id, canal, tipo, mensaje, estado, intentos, programada_para, enviada_at, created_at)
VALUES
('43000000-0000-4000-8000-000000000001', '32000000-0000-4000-8000-000000000001', 'email', 'factura', 'Francisca, tu boleta de la orden OT-00001 ya fue emitida.', 'enviada', 1, NOW() - INTERVAL '8 days', NOW() - INTERVAL '8 days', NOW() - INTERVAL '8 days'),
('43000000-0000-4000-8000-000000000002', '32000000-0000-4000-8000-000000000002', 'whatsapp', 'actualizacion_estado', 'Rodrigo, tu bicicleta esta en reparacion. Te avisaremos cuando pase a control de calidad.', 'enviada', 1, NOW() - INTERVAL '4 hours', NOW() - INTERVAL '4 hours', NOW() - INTERVAL '4 hours'),
('43000000-0000-4000-8000-000000000003', '32000000-0000-4000-8000-000000000004', 'whatsapp', 'listo_para_entrega', 'Hector, tu bicicleta esta lista para retiro hoy en Andes Pedal Providencia.', 'pendiente', 0, NOW() + INTERVAL '15 minutes', NULL, NOW() - INTERVAL '1 hour');

INSERT INTO cobros (id, orden_id, usuario_id, tipo_documento, numero_documento, subtotal_servicios, subtotal_productos, descuento_membresia, descuento_manual, neto, iva, total, metodo_pago, estado, folio_sii, estado_sii, fecha_pago, anulada_at, motivo_anulacion, created_at)
VALUES
('44000000-0000-4000-8000-000000000001', '32000000-0000-4000-8000-000000000001', '15000000-0000-4000-8000-000000000004', 'boleta', 'B-000145', 40900, 22900, 9570, 0, 54230, 10303.70, 64533.70, 'debito', 'pagado', '756421', 'aceptado', NOW() - INTERVAL '8 days', NULL, NULL, NOW() - INTERVAL '8 days');


INSERT INTO usuarios_plataforma (id, nombre, apellido, email, telefono, password_hash, activo, created_at, updated_at)
VALUES
('00000000-0000-4000-8000-000000000002', 'María José', 'Contreras', 'mj.contrerasg@duocuc.cl', '+56987654321', '$2y$12$66hMBKVs47DZBm.LlLewl.N5ghj/omC8N.4RZYedVcmMKG/N6QX6W', TRUE, NOW() - INTERVAL '30 days', NOW() - INTERVAL '1 day');


INSERT INTO usuarios (id, taller_id, rol_id, nombre, apellido, rut, email, telefono, password_hash, activo, last_login, created_at, updated_at)
VALUES
('15000000-0000-4000-8000-000000000006', '10000000-0000-4000-8000-000000000002', '12000000-0000-4000-8000-000000000002', 'Pedro', 'Soto', '13.221.550-5', 'jefe@rutasur.cl', '+56972001001', '$2y$12$rrtmRmDtKIVIEa19bMRzrunsCjzp6mvfdOEKF7744W6Bci2XMpusq', TRUE, NOW() - INTERVAL '2 days', NOW() - INTERVAL '45 days', NOW() - INTERVAL '2 days'),
('15000000-0000-4000-8000-000000000007', '10000000-0000-4000-8000-000000000002', '12000000-0000-4000-8000-000000000003', 'Luis', 'Araya', '17.442.881-1', 'mecanico@rutasur.cl', '+56972001002', '$2y$12$TKQgwdTODWcKJciTHKP6QOBHCVFIl1QL3fLFo4Ya2DKsr6SsgXXRK', TRUE, NOW() - INTERVAL '1 day', NOW() - INTERVAL '42 days', NOW() - INTERVAL '1 day'),
('15000000-0000-4000-8000-000000000008', '10000000-0000-4000-8000-000000000002', '12000000-0000-4000-8000-000000000004', 'Ana', 'López', '19.663.112-2', 'recepcion@rutasur.cl', '+56972001003', '$2y$12$gZNXMQTZqlWH.yyAZE.xweHGcXEUaUEY8O.5SZ.ZduXjJnJsnRRIi', TRUE, NOW() - INTERVAL '3 hours', NOW() - INTERVAL '40 days', NOW() - INTERVAL '3 hours'),
('15000000-0000-4000-8000-000000000009', '10000000-0000-4000-8000-000000000001', '12000000-0000-4000-8000-000000000003', 'Juan', 'Pérez', '18.774.223-3', 'mecanico2@andespedal.cl', '+56961234505', '$2y$12$PWP9NIQulxhziOO4uFs3g..7RvHtroixPYxJ9tEhlt2ew9XzTgsqG', TRUE, NOW() - INTERVAL '5 hours', NOW() - INTERVAL '50 days', NOW() - INTERVAL '5 hours');


INSERT INTO usuario_sucursales (id, usuario_id, sucursal_id, es_principal, created_at)
VALUES
('16000000-0000-4000-8000-000000000005', '15000000-0000-4000-8000-000000000006', '11000000-0000-4000-8000-000000000003', TRUE, NOW() - INTERVAL '45 days'),
('16000000-0000-4000-8000-000000000006', '15000000-0000-4000-8000-000000000007', '11000000-0000-4000-8000-000000000003', TRUE, NOW() - INTERVAL '42 days'),
('16000000-0000-4000-8000-000000000007', '15000000-0000-4000-8000-000000000008', '11000000-0000-4000-8000-000000000003', TRUE, NOW() - INTERVAL '40 days'),
('16000000-0000-4000-8000-000000000008', '15000000-0000-4000-8000-000000000009', '11000000-0000-4000-8000-000000000001', TRUE, NOW() - INTERVAL '50 days'),
('16000000-0000-4000-8000-000000000009', '15000000-0000-4000-8000-000000000009', '11000000-0000-4000-8000-000000000002', FALSE, NOW() - INTERVAL '50 days');


INSERT INTO membresias (id, taller_id, nombre, descripcion, porcentaje_descuento, prioridad_atencion, color_badge, activo)
VALUES
('18000000-0000-4000-8000-000000000004', '10000000-0000-4000-8000-000000000002', 'Bronce', 'Cliente frecuente con descuento inicial en mantenciones.', 5.00, 1, '#A97142', TRUE),
('18000000-0000-4000-8000-000000000005', '10000000-0000-4000-8000-000000000002', 'Plata', 'Cliente con dos o más bicicletas activas.', 10.00, 2, '#8A94A6', TRUE),
('18000000-0000-4000-8000-000000000006', '10000000-0000-4000-8000-000000000002', 'Oro', 'Cliente preferente con prioridad de taller.', 15.00, 3, '#D6A84F', TRUE);


INSERT INTO clientes (id, taller_id, codigo_cliente, membresia_id, nombre, apellido, rut, telefono, email, direccion, notas, membresia_desde, created_at, updated_at)
VALUES
('19000000-0000-4000-8000-000000000005', '10000000-0000-4000-8000-000000000001', 'CL-0005', '18000000-0000-4000-8000-000000000003', 'Javiera', 'Torres', '16.554.220-1', '+56981110005', 'javiera.torres@mail.cl', 'Vicuña Mackenna 3400, Ñuñoa', 'Miembro oro desde 2024.', NOW() - INTERVAL '180 days', NOW() - INTERVAL '180 days', NOW() - INTERVAL '2 days'),
('19000000-0000-4000-8000-000000000006', '10000000-0000-4000-8000-000000000001', 'CL-0006', '18000000-0000-4000-8000-000000000002', 'Sebastián', 'Reyes', '18.332.110-4', '+56981110006', 'sebastian.reyes@mail.cl', 'Los Trapenses 1230, Las Condes', 'Uso MTB fines de semana.', NOW() - INTERVAL '120 days', NOW() - INTERVAL '120 days', NOW() - INTERVAL '2 days'),
('19000000-0000-4000-8000-000000000007', '10000000-0000-4000-8000-000000000001', 'CL-0007', NULL, 'Carolina', 'Mendoza', '15.998.441-2', '+56981110007', 'carolina.mendoza@mail.cl', 'Manuel Montt 450, Providencia', NULL, NULL, NOW() - INTERVAL '30 days', NOW() - INTERVAL '2 days'),
('19000000-0000-4000-8000-000000000008', '10000000-0000-4000-8000-000000000001', 'CL-0008', '18000000-0000-4000-8000-000000000001', 'Fernando', 'Castro', '19.221.770-3', '+56981110008', 'fernando.castro@mail.cl', 'Av. La Florida 5600, La Florida', 'Repartidor en bici.', NOW() - INTERVAL '90 days', NOW() - INTERVAL '90 days', NOW() - INTERVAL '2 days'),
('19000000-0000-4000-8000-000000000009', '10000000-0000-4000-8000-000000000001', 'CL-0009', NULL, 'Valentina', 'Soto', '20.445.990-1', '+56981110009', 'valentina.soto@mail.cl', 'José Miguel Carrera 890, Santiago', 'Estudiante, usa bici diario.', NULL, NOW() - INTERVAL '15 days', NOW() - INTERVAL '2 days'),
('19000000-0000-4000-8000-000000000010', '10000000-0000-4000-8000-000000000002', 'CL-0001', '18000000-0000-4000-8000-000000000004', 'Mauricio', 'Fuentes', '14.667.330-8', '+56981110010', 'mauricio.fuentes@mail.cl', 'Av. Pablo Neruda 123, Temuco', 'Cliente desde apertura.', NOW() - INTERVAL '60 days', NOW() - INTERVAL '60 days', NOW() - INTERVAL '3 days'),
('19000000-0000-4000-8000-000000000011', '10000000-0000-4000-8000-000000000002', 'CL-0002', NULL, 'Diana', 'Hernández', '17.889.550-6', '+56981110011', 'diana.hernandez@mail.cl', 'Manuel Rodríguez 456, Temuco', NULL, NULL, NOW() - INTERVAL '25 days', NOW() - INTERVAL '3 days'),
('19000000-0000-4000-8000-000000000012', '10000000-0000-4000-8000-000000000002', 'CL-0003', '18000000-0000-4000-8000-000000000006', 'Roberto', 'Silva', '13.112.770-K', '+56981110012', 'roberto.silva@mail.cl', 'Los Pinos 789, Temuco', 'Ciclista de ruta.', NOW() - INTERVAL '100 days', NOW() - INTERVAL '100 days', NOW() - INTERVAL '3 days'),
('19000000-0000-4000-8000-000000000013', '10000000-0000-4000-8000-000000000002', 'CL-0004', NULL, 'Catalina', 'Rojas', '21.334.990-0', '+56981110013', 'catalina.rojas@mail.cl', 'Diego Portales 321, Temuco', NULL, NULL, NOW() - INTERVAL '10 days', NOW() - INTERVAL '3 days'),
('19000000-0000-4000-8000-000000000014', '10000000-0000-4000-8000-000000000002', 'CL-0005', '18000000-0000-4000-8000-000000000004', 'Andrés', 'Vidal', '18.556.110-2', '+56981110014', 'andres.vidal@mail.cl', 'Av. Alemania 1010, Temuco', 'Miembro bronce.', NOW() - INTERVAL '45 days', NOW() - INTERVAL '45 days', NOW() - INTERVAL '3 days');

INSERT INTO bicicletas (id, cliente_id, marca, modelo, tipo, aro, color, numero_serie, anio, foto_url, notas, created_at, updated_at)
VALUES
('20000000-0000-4000-8000-000000000005', '19000000-0000-4000-8000-000000000001', 'Specialized', 'Diverge', 'Gravel', '700c', 'Verde', 'SPZ-DIV-2022-1001', 2022, NULL, 'Transmision GRX 11v.', NOW() - INTERVAL '200 days', NOW() - INTERVAL '2 days'),
('20000000-0000-4000-8000-000000000006', '19000000-0000-4000-8000-000000000001', 'Scott', 'Speedster', 'Ruta', '700c', 'Blanco', 'SCT-SPD-2023-8822', 2023, NULL, 'Segunda bici para entrenamiento.', NOW() - INTERVAL '100 days', NOW() - INTERVAL '2 days'),
('20000000-0000-4000-8000-000000000007', '19000000-0000-4000-8000-000000000002', 'Trek', 'Roscoe 8', 'MTB', '29', 'Naranja', 'TRK-ROS-2021-2233', 2021, NULL, 'Horquilla RockShox Judy.', NOW() - INTERVAL '120 days', NOW() - INTERVAL '2 days'),
('20000000-0000-4000-8000-000000000008', '19000000-0000-4000-8000-000000000005', 'Giant', 'Talon 2', 'MTB', '27.5', 'Negro', 'GNT-TAL-2022-4455', 2022, NULL, 'Frenos de disco mecánico.', NOW() - INTERVAL '28 days', NOW() - INTERVAL '2 days'),
('20000000-0000-4000-8000-000000000009', '19000000-0000-4000-8000-000000000006', 'Cannondale', 'Trail 5', 'MTB', '29', 'Azul', 'CAN-TRL-2023-6677', 2023, NULL, 'Usada para enduro local.', NOW() - INTERVAL '110 days', NOW() - INTERVAL '2 days'),
('20000000-0000-4000-8000-000000000010', '19000000-0000-4000-8000-000000000007', 'Bianchi', 'C-Sport', 'Urbana', '700c', 'Celeste', 'BIA-CSP-2020-8899', 2020, NULL, 'Usada para ir a la universidad.', NOW() - INTERVAL '30 days', NOW() - INTERVAL '2 days'),
('20000000-0000-4000-8000-000000000011', '19000000-0000-4000-8000-000000000008', 'Oxford', 'Bakfiet', 'Cargo', '26', 'Gris', 'OXF-BAK-2021-1100', 2021, NULL, 'Bicicleta de carga para reparto.', NOW() - INTERVAL '85 days', NOW() - INTERVAL '2 days'),
('20000000-0000-4000-8000-000000000012', '19000000-0000-4000-8000-000000000009', 'Merida', 'Big.Nine', 'MTB', '29', 'Rojo', 'MER-BN9-2022-2211', 2022, NULL, 'Transmision Deore 12v.', NOW() - INTERVAL '14 days', NOW() - INTERVAL '2 days'),
('20000000-0000-4000-8000-000000000013', '19000000-0000-4000-8000-000000000010', 'Trek', 'FX 2', 'Urbana', '700c', 'Negro', 'TRK-FX2-2023-3322', 2023, NULL, 'Uso diario al trabajo.', NOW() - INTERVAL '55 days', NOW() - INTERVAL '2 days'),
('20000000-0000-4000-8000-000000000014', '19000000-0000-4000-8000-000000000011', 'Specialized', 'Sirrus', 'Urbana', '700c', 'Plata', 'SPZ-SIR-2022-4433', 2022, NULL, 'Frenos hidráulicos.', NOW() - INTERVAL '22 days', NOW() - INTERVAL '2 days'),
('20000000-0000-4000-8000-000000000015', '19000000-0000-4000-8000-000000000012', 'Cervelo', 'R3', 'Ruta', '700c', 'Rojo carbono', 'CER-R3-2021-5544', 2021, NULL, 'Grupo Shimano Ultegra.', NOW() - INTERVAL '95 days', NOW() - INTERVAL '2 days'),
('20000000-0000-4000-8000-000000000016', '19000000-0000-4000-8000-000000000012', 'Giant', 'Propel', 'Ruta', '700c', 'Negro', 'GNT-PRO-2023-6655', 2023, NULL, 'Aero para competencias.', NOW() - INTERVAL '40 days', NOW() - INTERVAL '2 days'),
('20000000-0000-4000-8000-000000000017', '19000000-0000-4000-8000-000000000013', 'BMC', 'Alpenchallenge', 'Gravel', '700c', 'Verde', 'BMC-ALP-2022-7766', 2022, NULL, 'Uso mixto ciudad/camino.', NOW() - INTERVAL '8 days', NOW() - INTERVAL '2 days'),
('20000000-0000-4000-8000-000000000018', '19000000-0000-4000-8000-000000000014', 'Scott', 'Aspect', 'MTB', '27.5', 'Amarillo', 'SCT-ASP-2020-8877', 2020, NULL, 'Poco uso, principalmente paseos.', NOW() - INTERVAL '42 days', NOW() - INTERVAL '2 days'),
('20000000-0000-4000-8000-000000000019', '19000000-0000-4000-8000-000000000014', 'Kona', 'Dew Plus', 'Urbana', '700c', 'Café', 'KON-DEW-2021-9988', 2021, NULL, 'Portaequipajes trasero.', NOW() - INTERVAL '20 days', NOW() - INTERVAL '2 days');

INSERT INTO servicios (id, taller_id, nombre, descripcion, precio_base, es_garantia, activo, created_at)
VALUES
('21000000-0000-4000-8000-000000000005', '10000000-0000-4000-8000-000000000002', 'Mantencion general', 'Ajuste completo de frenos, cambios, ruedas y limpieza tecnica.', 38900, FALSE, TRUE, NOW() - INTERVAL '50 days'),
('21000000-0000-4000-8000-000000000006', '10000000-0000-4000-8000-000000000002', 'Sangrado de frenos hidraulicos', 'Cambio de aceite mineral o DOT segun sistema.', 24900, FALSE, TRUE, NOW() - INTERVAL '50 days'),
('21000000-0000-4000-8000-000000000007', '10000000-0000-4000-8000-000000000002', 'Ajuste de transmision', 'Regulacion de cambios, tension de piolas y revision de desgaste.', 15900, FALSE, TRUE, NOW() - INTERVAL '50 days'),
('21000000-0000-4000-8000-000000000008', '10000000-0000-4000-8000-000000000002', 'Revision por garantia', 'Diagnostico sin costo para trabajos con garantia vigente.', 0, TRUE, TRUE, NOW() - INTERVAL '50 days');


INSERT INTO sucursal_servicios (id, sucursal_id, servicio_id, precio_personalizado, activo, created_at)
VALUES
('22000000-0000-4000-8000-000000000005', '11000000-0000-4000-8000-000000000003', '21000000-0000-4000-8000-000000000005', 38900, TRUE, NOW() - INTERVAL '49 days'),
('22000000-0000-4000-8000-000000000006', '11000000-0000-4000-8000-000000000003', '21000000-0000-4000-8000-000000000006', 24900, TRUE, NOW() - INTERVAL '49 days'),
('22000000-0000-4000-8000-000000000007', '11000000-0000-4000-8000-000000000003', '21000000-0000-4000-8000-000000000007', 15900, TRUE, NOW() - INTERVAL '49 days'),
('22000000-0000-4000-8000-000000000008', '11000000-0000-4000-8000-000000000003', '21000000-0000-4000-8000-000000000008', 0, TRUE, NOW() - INTERVAL '49 days');


INSERT INTO categorias_producto (id, taller_id, nombre, descripcion, activo)
VALUES
('23000000-0000-4000-8000-000000000004', '10000000-0000-4000-8000-000000000001', 'Componentes', 'Pedales, manillares, tijas y potencias.', TRUE),
('23000000-0000-4000-8000-000000000005', '10000000-0000-4000-8000-000000000001', 'Suspension', 'Horquillas, amortiguadores y mantenimiento.', TRUE),
('23000000-0000-4000-8000-000000000006', '10000000-0000-4000-8000-000000000001', 'Iluminacion', 'Luces, reflectantes y baterias.', TRUE),
('23000000-0000-4000-8000-000000000007', '10000000-0000-4000-8000-000000000001', 'Equipamiento', 'Cascos, guantes, ropa y protecciones.', TRUE),
('23000000-0000-4000-8000-000000000008', '10000000-0000-4000-8000-000000000001', 'Herramientas', 'Herramientas de taller y lubricantes.', TRUE),
('23000000-0000-4000-8000-000000000009', '10000000-0000-4000-8000-000000000002', 'Transmision', 'Cadenas, piolas, cassettes, platos y pata de cambio.', TRUE),
('23000000-0000-4000-8000-000000000010', '10000000-0000-4000-8000-000000000002', 'Frenos', 'Pastillas, discos, aceite y accesorios de freno.', TRUE),
('23000000-0000-4000-8000-000000000011', '10000000-0000-4000-8000-000000000002', 'Ruedas y neumaticos', 'Camaras, neumaticos, rayos y sellante.', TRUE);


INSERT INTO productos (id, sucursal_id, categoria_id, nombre, sku, marca, unidad_medida, precio_costo, precio_venta, stock, stock_minimo, activo, created_at, updated_at)
VALUES
('24000000-0000-4000-8000-000000000006', '11000000-0000-4000-8000-000000000001', '23000000-0000-4000-8000-000000000001', 'Cassette Shimano 105 11v 11-34', 'SH-CS105-11', 'Shimano', 'unidad', 22000, 34900, 5, 2, TRUE, NOW() - INTERVAL '60 days', NOW() - INTERVAL '2 days'),
('24000000-0000-4000-8000-000000000007', '11000000-0000-4000-8000-000000000001', '23000000-0000-4000-8000-000000000001', ' Plato Shimano 105 50/34', 'SH-FC105-50', 'Shimano', 'unidad', 18500, 29900, 4, 2, TRUE, NOW() - INTERVAL '43 days', NOW() - INTERVAL '2 days'),
('24000000-0000-4000-8000-000000000008', '11000000-0000-4000-8000-000000000001', '23000000-0000-4000-8000-000000000002', 'Disco freno Shimano RT56 160mm', 'SH-RT56-160', 'Shimano', 'unidad', 4800, 8900, 10, 4, TRUE, NOW() - INTERVAL '40 days', NOW() - INTERVAL '2 days'),
('24000000-0000-4000-8000-000000000009', '11000000-0000-4000-8000-000000000001', '23000000-0000-4000-8000-000000000002', 'Aceite mineral Shimano 100ml', 'SH-MIN-100', 'Shimano', 'botella', 3200, 5500, 8, 3, TRUE, NOW() - INTERVAL '63 days', NOW() - INTERVAL '2 days'),
('24000000-0000-4000-8000-000000000010', '11000000-0000-4000-8000-000000000001', '23000000-0000-4000-8000-000000000003', 'Neumatico Continental Ultra Sport 700x25', 'CON-USP-700', 'Continental', 'unidad', 6500, 12900, 12, 5, TRUE, NOW() - INTERVAL '48 days', NOW() - INTERVAL '2 days'),
('24000000-0000-4000-8000-000000000011', '11000000-0000-4000-8000-000000000001', '23000000-0000-4000-8000-000000000003', 'Cinta de llanta tubeless 25mm', 'STANS-TAPE-25', 'Stans', 'rollo', 4200, 7900, 6, 3, TRUE, NOW() - INTERVAL '47 days', NOW() - INTERVAL '2 days'),
('24000000-0000-4000-8000-000000000012', '11000000-0000-4000-8000-000000000001', '23000000-0000-4000-8000-000000000004', 'Pedales Shimano PD-RS500', 'SH-PDRS500', 'Shimano', 'par', 28000, 45900, 6, 2, TRUE, NOW() - INTERVAL '47 days', NOW() - INTERVAL '2 days'),
('24000000-0000-4000-8000-000000000013', '11000000-0000-4000-8000-000000000001', '23000000-0000-4000-8000-000000000004', 'Manillar alloy 440mm', 'PRO-MAN-440', 'Pro', 'unidad', 12000, 19900, 5, 2, TRUE, NOW() - INTERVAL '44 days', NOW() - INTERVAL '2 days'),
('24000000-0000-4000-8000-000000000014', '11000000-0000-4000-8000-000000000001', '23000000-0000-4000-8000-000000000005', 'Reten de horquilla 32mm', 'FOX-RET-32', 'Fox', 'kit', 8500, 14900, 4, 2, TRUE, NOW() - INTERVAL '63 days', NOW() - INTERVAL '2 days'),
('24000000-0000-4000-8000-000000000015', '11000000-0000-4000-8000-000000000001', '23000000-0000-4000-8000-000000000005', 'Kit sellos amortiguador RP2', 'ROCK-SRP2', 'RockShox', 'kit', 9800, 16900, 3, 2, TRUE, NOW() - INTERVAL '43 days', NOW() - INTERVAL '2 days'),
('24000000-0000-4000-8000-000000000016', '11000000-0000-4000-8000-000000000001', '23000000-0000-4000-8000-000000000006', 'Luz delantera 800 lumens', 'LEZ-800-F', 'Lezyne', 'unidad', 15000, 24900, 7, 3, TRUE, NOW() - INTERVAL '61 days', NOW() - INTERVAL '2 days'),
('24000000-0000-4000-8000-000000000017', '11000000-0000-4000-8000-000000000001', '23000000-0000-4000-8000-000000000006', 'Luz trasera USB recargable', 'CATEYE-RAP', 'Cateye', 'unidad', 4500, 8900, 15, 5, TRUE, NOW() - INTERVAL '63 days', NOW() - INTERVAL '2 days'),
('24000000-0000-4000-8000-000000000018', '11000000-0000-4000-8000-000000000002', '23000000-0000-4000-8000-000000000001', 'Pata de cambio Shimano 105', 'SH-RD105', 'Shimano', 'unidad', 35000, 54900, 3, 2, TRUE, NOW() - INTERVAL '57 days', NOW() - INTERVAL '2 days'),
('24000000-0000-4000-8000-000000000019', '11000000-0000-4000-8000-000000000002', '23000000-0000-4000-8000-000000000002', 'Pastillas metallicas Shimano J04C', 'SH-J04C-MET', 'Shimano', 'par', 7800, 13900, 6, 3, TRUE, NOW() - INTERVAL '42 days', NOW() - INTERVAL '2 days'),
('24000000-0000-4000-8000-000000000020', '11000000-0000-4000-8000-000000000002', '23000000-0000-4000-8000-000000000003', 'Rayo inox 2.0mm 290mm', 'SAP-RAY-290', 'Sapim', 'unidad', 800, 1500, 50, 20, TRUE, NOW() - INTERVAL '58 days', NOW() - INTERVAL '2 days'),
('24000000-0000-4000-8000-000000000021', '11000000-0000-4000-8000-000000000002', '23000000-0000-4000-8000-000000000007', 'Casco Mips Endura MT500', 'END-MT500', 'Endura', 'unidad', 45000, 69900, 4, 2, TRUE, NOW() - INTERVAL '53 days', NOW() - INTERVAL '2 days'),
('24000000-0000-4000-8000-000000000022', '11000000-0000-4000-8000-000000000002', '23000000-0000-4000-8000-000000000007', 'Guantes cortos Giro DND', 'GIR-DND', 'Giro', 'par', 6500, 11900, 10, 4, TRUE, NOW() - INTERVAL '41 days', NOW() - INTERVAL '2 days'),
('24000000-0000-4000-8000-000000000023', '11000000-0000-4000-8000-000000000002', '23000000-0000-4000-8000-000000000008', 'Multiherramienta 20 funciones', 'TOPE-Alien', 'Topeak', 'unidad', 12000, 19900, 6, 2, TRUE, NOW() - INTERVAL '40 days', NOW() - INTERVAL '2 days'),
('24000000-0000-4000-8000-000000000024', '11000000-0000-4000-8000-000000000002', '23000000-0000-4000-8000-000000000008', 'Lubricante cerámico 60ml', 'MUC-OFF-CER', 'Muc-Off', 'botella', 4500, 7900, 9, 4, TRUE, NOW() - INTERVAL '42 days', NOW() - INTERVAL '2 days'),
('24000000-0000-4000-8000-000000000025', '11000000-0000-4000-8000-000000000002', '23000000-0000-4000-8000-000000000001', 'Piola freno inox universal', 'JAG-PIOLA-FRE', 'Jagwire', 'unidad', 1400, 3900, 20, 6, TRUE, NOW() - INTERVAL '46 days', NOW() - INTERVAL '2 days'),
('24000000-0000-4000-8000-000000000026', '11000000-0000-4000-8000-000000000002', '23000000-0000-4000-8000-000000000002', 'Adaptador disco postmount 180mm', 'AVID-PM180', 'Avid', 'unidad', 3500, 6500, 8, 3, TRUE, NOW() - INTERVAL '47 days', NOW() - INTERVAL '2 days'),
('24000000-0000-4000-8000-000000000027', '11000000-0000-4000-8000-000000000002', '23000000-0000-4000-8000-000000000003', 'Valvula presta 60mm', 'KND-VAL-60', 'Kenda', 'unidad', 600, 1200, 30, 10, TRUE, NOW() - INTERVAL '56 days', NOW() - INTERVAL '2 days'),
('24000000-0000-4000-8000-000000000028', '11000000-0000-4000-8000-000000000002', '23000000-0000-4000-8000-000000000003', 'Neumatico Maxxis Ardent 29x2.4', 'MAX-ARD-29', 'Maxxis', 'unidad', 18000, 28900, 5, 2, TRUE, NOW() - INTERVAL '59 days', NOW() - INTERVAL '2 days'),
('24000000-0000-4000-8000-000000000029', '11000000-0000-4000-8000-000000000002', '23000000-0000-4000-8000-000000000001', 'Cadena SRAM NX 12v', 'SR-NX-12', 'SRAM', 'unidad', 16000, 25900, 7, 3, TRUE, NOW() - INTERVAL '40 days', NOW() - INTERVAL '2 days'),
('24000000-0000-4000-8000-000000000030', '11000000-0000-4000-8000-000000000003', '23000000-0000-4000-8000-000000000009', 'Cadena KMC X12 12v', 'KMC-X12', 'KMC', 'unidad', 12000, 19900, 8, 3, TRUE, NOW() - INTERVAL '57 days', NOW() - INTERVAL '2 days'),
('24000000-0000-4000-8000-000000000031', '11000000-0000-4000-8000-000000000003', '23000000-0000-4000-8000-000000000009', 'Cassette SRAM PG-1230 11-50', 'SR-PG1230', 'SRAM', 'unidad', 25000, 39900, 4, 2, TRUE, NOW() - INTERVAL '46 days', NOW() - INTERVAL '2 days'),
('24000000-0000-4000-8000-000000000032', '11000000-0000-4000-8000-000000000003', '23000000-0000-4000-8000-000000000009', 'Pata de cambio GX Eagle', 'SR-GX-EAG', 'SRAM', 'unidad', 42000, 64900, 3, 2, TRUE, NOW() - INTERVAL '62 days', NOW() - INTERVAL '2 days'),
('24000000-0000-4000-8000-000000000033', '11000000-0000-4000-8000-000000000003', '23000000-0000-4000-8000-000000000010', 'Pastillas SRAM Level T resina', 'SR-LVL-RES', 'SRAM', 'par', 5500, 9900, 10, 4, TRUE, NOW() - INTERVAL '60 days', NOW() - INTERVAL '2 days'),
('24000000-0000-4000-8000-000000000034', '11000000-0000-4000-8000-000000000003', '23000000-0000-4000-8000-000000000010', 'Disco Centerline 160mm', 'SR-CTR-160', 'SRAM', 'unidad', 5500, 9900, 8, 3, TRUE, NOW() - INTERVAL '62 days', NOW() - INTERVAL '2 days'),
('24000000-0000-4000-8000-000000000035', '11000000-0000-4000-8000-000000000003', '23000000-0000-4000-8000-000000000010', 'Sangrador profesional avid', 'AVID-BLEED', 'Avid', 'kit', 12000, 19900, 2, 2, TRUE, NOW() - INTERVAL '57 days', NOW() - INTERVAL '2 days'),
('24000000-0000-4000-8000-000000000036', '11000000-0000-4000-8000-000000000003', '23000000-0000-4000-8000-000000000011', 'Camara 29x2.2 valvula presta', 'KND-CAM-29', 'Kenda', 'unidad', 3200, 6500, 15, 5, TRUE, NOW() - INTERVAL '53 days', NOW() - INTERVAL '2 days'),
('24000000-0000-4000-8000-000000000037', '11000000-0000-4000-8000-000000000003', '23000000-0000-4000-8000-000000000011', 'Neumatico Schwalbe Smart Sam 29x2.1', 'SCH-SMS-29', 'Schwalbe', 'unidad', 15000, 24900, 6, 3, TRUE, NOW() - INTERVAL '47 days', NOW() - INTERVAL '2 days'),
('24000000-0000-4000-8000-000000000038', '11000000-0000-4000-8000-000000000003', '23000000-0000-4000-8000-000000000011', 'Sellante tubeless 500ml', 'STANS-500', 'Stans', 'botella', 8500, 14900, 4, 2, TRUE, NOW() - INTERVAL '54 days', NOW() - INTERVAL '2 days');

INSERT INTO ordenes (id, taller_id, sucursal_id, bicicleta_id, mecanico_id, estado_id, tipo_id, numero_orden, diagnostico_inicial, diagnostico_final, observaciones_cliente, descuento_manual, porcentaje_descuento_membresia, fecha_ingreso, fecha_prometida, fecha_entrega, created_at, updated_at)
VALUES
('32000000-0000-4000-8000-000000000005', '10000000-0000-4000-8000-000000000001', '11000000-0000-4000-8000-000000000002', '20000000-0000-4000-8000-000000000010', '15000000-0000-4000-8000-000000000003', '30000000-0000-4000-8000-000000000001', '31000000-0000-4000-8000-000000000001', 'OT-00005', 'Neumático trasero desgastado y llanta descentrada.', NULL, 'Cliente pide que se revise garantía de cadena anterior.', 0, 0.00, NOW() - INTERVAL '49 days' - INTERVAL '5 hours', NOW() - INTERVAL '49 days' - INTERVAL '5 hours' + INTERVAL '7 days', NULL, NOW() - INTERVAL '49 days' - INTERVAL '5 hours', NOW() - INTERVAL '49 days' - INTERVAL '5 hours'),
('32000000-0000-4000-8000-000000000006', '10000000-0000-4000-8000-000000000001', '11000000-0000-4000-8000-000000000002', '20000000-0000-4000-8000-000000000004', '15000000-0000-4000-8000-000000000003', '30000000-0000-4000-8000-000000000002', '31000000-0000-4000-8000-000000000002', 'OT-00006', 'Desviador trasero golpeado en caída; colgado.', NULL, 'Favor lavar bicicleta antes de entregar.', 2000, 5.00, NOW() - INTERVAL '6 days' - INTERVAL '12 hours', NOW() - INTERVAL '6 days' - INTERVAL '12 hours' + INTERVAL '2 days', NULL, NOW() - INTERVAL '6 days' - INTERVAL '12 hours', NOW() - INTERVAL '6 days' - INTERVAL '12 hours'),
('32000000-0000-4000-8000-000000000007', '10000000-0000-4000-8000-000000000001', '11000000-0000-4000-8000-000000000002', '20000000-0000-4000-8000-000000000001', '15000000-0000-4000-8000-000000000003', '30000000-0000-4000-8000-000000000003', '31000000-0000-4000-8000-000000000003', 'OT-00007', 'Cadena salta en cambios bruscos.', NULL, 'Ajustar manillar más alto posible.', 5000, 0.00, NOW() - INTERVAL '60 days' - INTERVAL '12 hours', NOW() - INTERVAL '60 days' - INTERVAL '12 hours' + INTERVAL '2 days', NULL, NOW() - INTERVAL '60 days' - INTERVAL '12 hours', NOW() - INTERVAL '60 days' - INTERVAL '12 hours'),
('32000000-0000-4000-8000-000000000008', '10000000-0000-4000-8000-000000000001', '11000000-0000-4000-8000-000000000002', '20000000-0000-4000-8000-000000000010', '15000000-0000-4000-8000-000000000003', '30000000-0000-4000-8000-000000000004', '31000000-0000-4000-8000-000000000004', 'OT-00008', 'Cambio electrónico no responde; batería baja.', NULL, 'Pide entrega a domicilio si supera 3 días.', 5000, 5.00, NOW() - INTERVAL '46 days' - INTERVAL '2 hours', NOW() - INTERVAL '46 days' - INTERVAL '2 hours' + INTERVAL '2 days', NULL, NOW() - INTERVAL '46 days' - INTERVAL '2 hours', NOW() - INTERVAL '46 days' - INTERVAL '2 hours'),
('32000000-0000-4000-8000-000000000009', '10000000-0000-4000-8000-000000000001', '11000000-0000-4000-8000-000000000001', '20000000-0000-4000-8000-000000000002', '15000000-0000-4000-8000-000000000003', '30000000-0000-4000-8000-000000000005', '31000000-0000-4000-8000-000000000005', 'OT-00009', 'Asiento roto y poste deslizante.', 'Reemplazo de asiento y tija; torque especificado.', 'Favor lavar bicicleta antes de entregar.', 0, 5.00, NOW() - INTERVAL '25 days' - INTERVAL '8 hours', NOW() - INTERVAL '25 days' - INTERVAL '8 hours' + INTERVAL '5 days', NULL, NOW() - INTERVAL '25 days' - INTERVAL '8 hours', NOW() - INTERVAL '25 days' - INTERVAL '8 hours'),
('32000000-0000-4000-8000-000000000010', '10000000-0000-4000-8000-000000000001', '11000000-0000-4000-8000-000000000001', '20000000-0000-4000-8000-000000000006', '15000000-0000-4000-8000-000000000009', '30000000-0000-4000-8000-000000000006', '31000000-0000-4000-8000-000000000006', 'OT-00010', 'Cliente reporta ruido al pedalear en subida.', 'Revisar plato y pedalier; posible desgaste de rodamientos.', 'Pide que se deje lista para competencia del sábado.', 3000, 0.00, NOW() - INTERVAL '45 days' - INTERVAL '21 hours', NOW() - INTERVAL '45 days' - INTERVAL '21 hours' + INTERVAL '7 days', NULL, NOW() - INTERVAL '45 days' - INTERVAL '21 hours', NOW() - INTERVAL '45 days' - INTERVAL '21 hours'),
('32000000-0000-4000-8000-000000000011', '10000000-0000-4000-8000-000000000001', '11000000-0000-4000-8000-000000000001', '20000000-0000-4000-8000-000000000009', '15000000-0000-4000-8000-000000000003', '30000000-0000-4000-8000-000000000007', '31000000-0000-4000-8000-000000000001', 'OT-00011', 'Asiento roto y poste deslizante.', 'Reemplazo de asiento y tija; torque especificado.', 'Solicita mantenimiento preventivo de suspensiones.', 0, 0.00, NOW() - INTERVAL '30 days' - INTERVAL '12 hours', NOW() - INTERVAL '30 days' - INTERVAL '12 hours' + INTERVAL '4 days', NULL, NOW() - INTERVAL '30 days' - INTERVAL '12 hours', NOW() - INTERVAL '30 days' - INTERVAL '12 hours'),
('32000000-0000-4000-8000-000000000012', '10000000-0000-4000-8000-000000000001', '11000000-0000-4000-8000-000000000001', '20000000-0000-4000-8000-000000000006', '15000000-0000-4000-8000-000000000003', '30000000-0000-4000-8000-000000000008', '31000000-0000-4000-8000-000000000002', 'OT-00012', 'Puños desgastados y manillar torcido.', 'Reemplazo de puños y centrado de manillar.', 'Revisar posición de sillín para dolor lumbar.', 0, 0.00, NOW() - INTERVAL '53 days' - INTERVAL '1 hours', NOW() - INTERVAL '53 days' - INTERVAL '1 hours' + INTERVAL '4 days', NOW() - INTERVAL '53 days' - INTERVAL '1 hours' + INTERVAL '3 days', NOW() - INTERVAL '53 days' - INTERVAL '1 hours', NOW() - INTERVAL '53 days' - INTERVAL '1 hours'),
('32000000-0000-4000-8000-000000000013', '10000000-0000-4000-8000-000000000001', '11000000-0000-4000-8000-000000000002', '20000000-0000-4000-8000-000000000011', '15000000-0000-4000-8000-000000000009', '30000000-0000-4000-8000-000000000006', '31000000-0000-4000-8000-000000000002', 'OT-00013', 'Cambio no sube al plato grande; limitador desajustado.', 'Ajuste de limitadores y tensión de piola. Lubricación de pivotes.', 'Revisar posición de sillín para dolor lumbar.', 0, 0.00, NOW() - INTERVAL '57 days' - INTERVAL '20 hours', NOW() - INTERVAL '57 days' - INTERVAL '20 hours' + INTERVAL '5 days', NULL, NOW() - INTERVAL '57 days' - INTERVAL '20 hours', NOW() - INTERVAL '57 days' - INTERVAL '20 hours'),
('32000000-0000-4000-8000-000000000014', '10000000-0000-4000-8000-000000000001', '11000000-0000-4000-8000-000000000002', '20000000-0000-4000-8000-000000000010', '15000000-0000-4000-8000-000000000009', '30000000-0000-4000-8000-000000000005', '31000000-0000-4000-8000-000000000006', 'OT-00014', 'Freno de disco delantero chilla al frenar.', 'Limpieza de disco y pastillas; verificación de alineación.', 'Pide instalar gps/tracker si es posible.', 0, 0.00, NOW() - INTERVAL '24 days' - INTERVAL '7 hours', NOW() - INTERVAL '24 days' - INTERVAL '7 hours' + INTERVAL '3 days', NULL, NOW() - INTERVAL '24 days' - INTERVAL '7 hours', NOW() - INTERVAL '24 days' - INTERVAL '7 hours'),
('32000000-0000-4000-8000-000000000015', '10000000-0000-4000-8000-000000000001', '11000000-0000-4000-8000-000000000001', '20000000-0000-4000-8000-000000000003', '15000000-0000-4000-8000-000000000009', '30000000-0000-4000-8000-000000000001', '31000000-0000-4000-8000-000000000001', 'OT-00015', 'Puños desgastados y manillar torcido.', NULL, 'Pide que se deje lista para competencia del sábado.', 1000, 15.00, NOW() - INTERVAL '39 days' - INTERVAL '2 hours', NOW() - INTERVAL '39 days' - INTERVAL '2 hours' + INTERVAL '5 days', NULL, NOW() - INTERVAL '39 days' - INTERVAL '2 hours', NOW() - INTERVAL '39 days' - INTERVAL '2 hours'),
('32000000-0000-4000-8000-000000000016', '10000000-0000-4000-8000-000000000001', '11000000-0000-4000-8000-000000000001', '20000000-0000-4000-8000-000000000001', '15000000-0000-4000-8000-000000000009', '30000000-0000-4000-8000-000000000005', '31000000-0000-4000-8000-000000000005', 'OT-00016', 'Pinchazo recurrente en rueda trasera y piola de cambio oxidada.', 'Se instalo camara nueva, fondo de llanta y piola de cambio.', 'Ajustar manillar más alto posible.', 1000, 0.00, NOW() - INTERVAL '50 days' - INTERVAL '20 hours', NOW() - INTERVAL '50 days' - INTERVAL '20 hours' + INTERVAL '4 days', NULL, NOW() - INTERVAL '50 days' - INTERVAL '20 hours', NOW() - INTERVAL '50 days' - INTERVAL '20 hours'),
('32000000-0000-4000-8000-000000000017', '10000000-0000-4000-8000-000000000001', '11000000-0000-4000-8000-000000000002', '20000000-0000-4000-8000-000000000012', '15000000-0000-4000-8000-000000000003', '30000000-0000-4000-8000-000000000008', '31000000-0000-4000-8000-000000000001', 'OT-00017', 'Solicita revisión general antes de viaje largo.', 'Revisión de 15 puntos: frenos, cambios, ruedas, rodamientos y cuadro.', 'Ajustar para carga de reparto diario.', 2000, 0.00, NOW() - INTERVAL '33 days' - INTERVAL '3 hours', NOW() - INTERVAL '33 days' - INTERVAL '3 hours' + INTERVAL '7 days', NOW() - INTERVAL '33 days' - INTERVAL '3 hours' + INTERVAL '6 days', NOW() - INTERVAL '33 days' - INTERVAL '3 hours', NOW() - INTERVAL '33 days' - INTERVAL '3 hours'),
('32000000-0000-4000-8000-000000000018', '10000000-0000-4000-8000-000000000001', '11000000-0000-4000-8000-000000000001', '20000000-0000-4000-8000-000000000003', '15000000-0000-4000-8000-000000000009', '30000000-0000-4000-8000-000000000003', '31000000-0000-4000-8000-000000000003', 'OT-00018', 'Desviador trasero golpeado en caída; colgado.', NULL, 'Ajustar manillar más alto posible.', 0, 0.00, NOW() - INTERVAL '32 days' - INTERVAL '0 hours', NOW() - INTERVAL '32 days' - INTERVAL '0 hours' + INTERVAL '2 days', NULL, NOW() - INTERVAL '32 days' - INTERVAL '0 hours', NOW() - INTERVAL '32 days' - INTERVAL '0 hours'),
('32000000-0000-4000-8000-000000000019', '10000000-0000-4000-8000-000000000001', '11000000-0000-4000-8000-000000000001', '20000000-0000-4000-8000-000000000002', '15000000-0000-4000-8000-000000000009', '30000000-0000-4000-8000-000000000004', '31000000-0000-4000-8000-000000000005', 'OT-00019', 'Mantenimiento de 5000 km para bici de ruta.', NULL, 'Urgente: usa bici para trabajo.', 0, 0.00, NOW() - INTERVAL '53 days' - INTERVAL '2 hours', NOW() - INTERVAL '53 days' - INTERVAL '2 hours' + INTERVAL '6 days', NULL, NOW() - INTERVAL '53 days' - INTERVAL '2 hours', NOW() - INTERVAL '53 days' - INTERVAL '2 hours'),
('32000000-0000-4000-8000-000000000020', '10000000-0000-4000-8000-000000000001', '11000000-0000-4000-8000-000000000002', '20000000-0000-4000-8000-000000000003', '15000000-0000-4000-8000-000000000009', '30000000-0000-4000-8000-000000000008', '31000000-0000-4000-8000-000000000005', 'OT-00020', 'Instalación de portabicicletas trasero.', 'No aplica a bicicleta; orden de personalización.', 'Deja llave de candado en recepción.', 3000, 5.00, NOW() - INTERVAL '14 days' - INTERVAL '17 hours', NOW() - INTERVAL '14 days' - INTERVAL '17 hours' + INTERVAL '7 days', NOW() - INTERVAL '14 days' - INTERVAL '17 hours' + INTERVAL '6 days', NOW() - INTERVAL '14 days' - INTERVAL '17 hours', NOW() - INTERVAL '14 days' - INTERVAL '17 hours'),
('32000000-0000-4000-8000-000000000021', '10000000-0000-4000-8000-000000000001', '11000000-0000-4000-8000-000000000002', '20000000-0000-4000-8000-000000000011', '15000000-0000-4000-8000-000000000009', '30000000-0000-4000-8000-000000000007', '31000000-0000-4000-8000-000000000006', 'OT-00021', 'Pinchazo recurrente en rueda trasera y piola de cambio oxidada.', 'Se instalo camara nueva, fondo de llanta y piola de cambio.', 'Pide entrega a domicilio si supera 3 días.', 0, 0.00, NOW() - INTERVAL '58 days' - INTERVAL '16 hours', NOW() - INTERVAL '58 days' - INTERVAL '16 hours' + INTERVAL '5 days', NULL, NOW() - INTERVAL '58 days' - INTERVAL '16 hours', NOW() - INTERVAL '58 days' - INTERVAL '16 hours'),
('32000000-0000-4000-8000-000000000022', '10000000-0000-4000-8000-000000000001', '11000000-0000-4000-8000-000000000001', '20000000-0000-4000-8000-000000000010', '15000000-0000-4000-8000-000000000003', '30000000-0000-4000-8000-000000000006', '31000000-0000-4000-8000-000000000001', 'OT-00022', 'Asiento roto y poste deslizante.', 'Reemplazo de asiento y tija; torque especificado.', 'Necesita bicicleta para uso diario desde el lunes.', 0, 0.00, NOW() - INTERVAL '1 days' - INTERVAL '2 hours', NOW() - INTERVAL '1 days' - INTERVAL '2 hours' + INTERVAL '7 days', NULL, NOW() - INTERVAL '1 days' - INTERVAL '2 hours', NOW() - INTERVAL '1 days' - INTERVAL '2 hours'),
('32000000-0000-4000-8000-000000000023', '10000000-0000-4000-8000-000000000001', '11000000-0000-4000-8000-000000000001', '20000000-0000-4000-8000-000000000002', '15000000-0000-4000-8000-000000000009', '30000000-0000-4000-8000-000000000001', '31000000-0000-4000-8000-000000000003', 'OT-00023', 'Cadena salta en cambios bruscos.', NULL, 'Urgente: usa bici para trabajo.', 3000, 15.00, NOW() - INTERVAL '43 days' - INTERVAL '15 hours', NOW() - INTERVAL '43 days' - INTERVAL '15 hours' + INTERVAL '3 days', NULL, NOW() - INTERVAL '43 days' - INTERVAL '15 hours', NOW() - INTERVAL '43 days' - INTERVAL '15 hours'),
('32000000-0000-4000-8000-000000000024', '10000000-0000-4000-8000-000000000001', '11000000-0000-4000-8000-000000000002', '20000000-0000-4000-8000-000000000008', '15000000-0000-4000-8000-000000000003', '30000000-0000-4000-8000-000000000008', '31000000-0000-4000-8000-000000000002', 'OT-00024', 'Neumático trasero desgastado y llanta descentrada.', 'Reemplazo de neumático y centrado de llanta.', 'Favor lavar bicicleta antes de entregar.', 1000, 10.00, NOW() - INTERVAL '7 days' - INTERVAL '3 hours', NOW() - INTERVAL '7 days' - INTERVAL '3 hours' + INTERVAL '7 days', NOW() - INTERVAL '7 days' - INTERVAL '3 hours' + INTERVAL '6 days', NOW() - INTERVAL '7 days' - INTERVAL '3 hours', NOW() - INTERVAL '7 days' - INTERVAL '3 hours'),
('32000000-0000-4000-8000-000000000025', '10000000-0000-4000-8000-000000000001', '11000000-0000-4000-8000-000000000001', '20000000-0000-4000-8000-000000000001', '15000000-0000-4000-8000-000000000003', '30000000-0000-4000-8000-000000000008', '31000000-0000-4000-8000-000000000006', 'OT-00025', 'Pinchazo recurrente en rueda trasera y piola de cambio oxidada.', 'Se instalo camara nueva, fondo de llanta y piola de cambio.', 'Pide entrega a domicilio si supera 3 días.', 0, 0.00, NOW() - INTERVAL '26 days' - INTERVAL '23 hours', NOW() - INTERVAL '26 days' - INTERVAL '23 hours' + INTERVAL '4 days', NOW() - INTERVAL '26 days' - INTERVAL '23 hours' + INTERVAL '3 days', NOW() - INTERVAL '26 days' - INTERVAL '23 hours', NOW() - INTERVAL '26 days' - INTERVAL '23 hours'),
('32000000-0000-4000-8000-000000000026', '10000000-0000-4000-8000-000000000001', '11000000-0000-4000-8000-000000000001', '20000000-0000-4000-8000-000000000007', '15000000-0000-4000-8000-000000000009', '30000000-0000-4000-8000-000000000008', '31000000-0000-4000-8000-000000000002', 'OT-00026', 'Cliente quiere cambiar manillar por uno más ancho.', 'Instalación de manillar 780mm y ajuste de frenos/cambios.', 'Solicita mantenimiento preventivo de suspensiones.', 0, 0.00, NOW() - INTERVAL '30 days' - INTERVAL '7 hours', NOW() - INTERVAL '30 days' - INTERVAL '7 hours' + INTERVAL '2 days', NOW() - INTERVAL '30 days' - INTERVAL '7 hours' + INTERVAL '1 days', NOW() - INTERVAL '30 days' - INTERVAL '7 hours', NOW() - INTERVAL '30 days' - INTERVAL '7 hours'),
('32000000-0000-4000-8000-000000000027', '10000000-0000-4000-8000-000000000001', '11000000-0000-4000-8000-000000000001', '20000000-0000-4000-8000-000000000004', '15000000-0000-4000-8000-000000000009', '30000000-0000-4000-8000-000000000001', '31000000-0000-4000-8000-000000000001', 'OT-00027', 'Puños desgastados y manillar torcido.', NULL, 'Necesita bicicleta para uso diario desde el lunes.', 0, 10.00, NOW() - INTERVAL '32 days' - INTERVAL '15 hours', NOW() - INTERVAL '32 days' - INTERVAL '15 hours' + INTERVAL '3 days', NULL, NOW() - INTERVAL '32 days' - INTERVAL '15 hours', NOW() - INTERVAL '32 days' - INTERVAL '15 hours'),
('32000000-0000-4000-8000-000000000028', '10000000-0000-4000-8000-000000000001', '11000000-0000-4000-8000-000000000002', '20000000-0000-4000-8000-000000000005', '15000000-0000-4000-8000-000000000009', '30000000-0000-4000-8000-000000000001', '31000000-0000-4000-8000-000000000004', 'OT-00028', 'Cadena salta en cambios bruscos.', NULL, 'Pide instalar gps/tracker si es posible.', 0, 0.00, NOW() - INTERVAL '28 days' - INTERVAL '22 hours', NOW() - INTERVAL '28 days' - INTERVAL '22 hours' + INTERVAL '7 days', NULL, NOW() - INTERVAL '28 days' - INTERVAL '22 hours', NOW() - INTERVAL '28 days' - INTERVAL '22 hours'),
('32000000-0000-4000-8000-000000000029', '10000000-0000-4000-8000-000000000001', '11000000-0000-4000-8000-000000000001', '20000000-0000-4000-8000-000000000001', '15000000-0000-4000-8000-000000000009', '30000000-0000-4000-8000-000000000005', '31000000-0000-4000-8000-000000000002', 'OT-00029', 'Suspensión trasera hace ruido metálico.', 'Revisión de amortiguador; falta nitrogeno. Envío a servicio técnico.', 'Ajustar para carga de reparto diario.', 5000, 15.00, NOW() - INTERVAL '4 days' - INTERVAL '1 hours', NOW() - INTERVAL '4 days' - INTERVAL '1 hours' + INTERVAL '6 days', NULL, NOW() - INTERVAL '4 days' - INTERVAL '1 hours', NOW() - INTERVAL '4 days' - INTERVAL '1 hours'),
('32000000-0000-4000-8000-000000000030', '10000000-0000-4000-8000-000000000001', '11000000-0000-4000-8000-000000000001', '20000000-0000-4000-8000-000000000009', '15000000-0000-4000-8000-000000000003', '30000000-0000-4000-8000-000000000003', '31000000-0000-4000-8000-000000000001', 'OT-00030', 'Cambio electrónico no responde; batería baja.', NULL, 'Pide entrega a domicilio si supera 3 días.', 1000, 0.00, NOW() - INTERVAL '5 days' - INTERVAL '19 hours', NOW() - INTERVAL '5 days' - INTERVAL '19 hours' + INTERVAL '2 days', NULL, NOW() - INTERVAL '5 days' - INTERVAL '19 hours', NOW() - INTERVAL '5 days' - INTERVAL '19 hours'),
('32000000-0000-4000-8000-000000000031', '10000000-0000-4000-8000-000000000001', '11000000-0000-4000-8000-000000000001', '20000000-0000-4000-8000-000000000010', '15000000-0000-4000-8000-000000000003', '30000000-0000-4000-8000-000000000004', '31000000-0000-4000-8000-000000000005', 'OT-00031', 'Ajuste de geometría para confort en ciclismo largo.', NULL, 'Ajustar para carga de reparto diario.', 0, 5.00, NOW() - INTERVAL '27 days' - INTERVAL '21 hours', NOW() - INTERVAL '27 days' - INTERVAL '21 hours' + INTERVAL '6 days', NULL, NOW() - INTERVAL '27 days' - INTERVAL '21 hours', NOW() - INTERVAL '27 days' - INTERVAL '21 hours'),
('32000000-0000-4000-8000-000000000032', '10000000-0000-4000-8000-000000000001', '11000000-0000-4000-8000-000000000002', '20000000-0000-4000-8000-000000000012', '15000000-0000-4000-8000-000000000003', '30000000-0000-4000-8000-000000000004', '31000000-0000-4000-8000-000000000006', 'OT-00032', 'Cambio electrónico no responde; batería baja.', NULL, 'Ajustar manillar más alto posible.', 1000, 5.00, NOW() - INTERVAL '17 days' - INTERVAL '12 hours', NOW() - INTERVAL '17 days' - INTERVAL '12 hours' + INTERVAL '3 days', NULL, NOW() - INTERVAL '17 days' - INTERVAL '12 hours', NOW() - INTERVAL '17 days' - INTERVAL '12 hours'),
('32000000-0000-4000-8000-000000000033', '10000000-0000-4000-8000-000000000001', '11000000-0000-4000-8000-000000000001', '20000000-0000-4000-8000-000000000008', '15000000-0000-4000-8000-000000000003', '30000000-0000-4000-8000-000000000002', '31000000-0000-4000-8000-000000000001', 'OT-00033', 'Bicicleta nueva, solicita armado y ajuste inicial.', NULL, 'Urgente: usa bici para trabajo.', 0, 0.00, NOW() - INTERVAL '35 days' - INTERVAL '6 hours', NOW() - INTERVAL '35 days' - INTERVAL '6 hours' + INTERVAL '6 days', NULL, NOW() - INTERVAL '35 days' - INTERVAL '6 hours', NOW() - INTERVAL '35 days' - INTERVAL '6 hours'),
('32000000-0000-4000-8000-000000000034', '10000000-0000-4000-8000-000000000001', '11000000-0000-4000-8000-000000000001', '20000000-0000-4000-8000-000000000005', '15000000-0000-4000-8000-000000000009', '30000000-0000-4000-8000-000000000004', '31000000-0000-4000-8000-000000000003', 'OT-00034', 'Solicita revisión general antes de viaje largo.', NULL, 'Pide que se deje lista para competencia del sábado.', 5000, 0.00, NOW() - INTERVAL '54 days' - INTERVAL '17 hours', NOW() - INTERVAL '54 days' - INTERVAL '17 hours' + INTERVAL '7 days', NULL, NOW() - INTERVAL '54 days' - INTERVAL '17 hours', NOW() - INTERVAL '54 days' - INTERVAL '17 hours'),
('32000000-0000-4000-8000-000000000035', '10000000-0000-4000-8000-000000000001', '11000000-0000-4000-8000-000000000002', '20000000-0000-4000-8000-000000000009', '15000000-0000-4000-8000-000000000003', '30000000-0000-4000-8000-000000000001', '31000000-0000-4000-8000-000000000006', 'OT-00035', 'Pinchazo recurrente en rueda trasera y piola de cambio oxidada.', NULL, 'Cliente pasa a retirar al cierre.', 3000, 15.00, NOW() - INTERVAL '57 days' - INTERVAL '4 hours', NOW() - INTERVAL '57 days' - INTERVAL '4 hours' + INTERVAL '4 days', NULL, NOW() - INTERVAL '57 days' - INTERVAL '4 hours', NOW() - INTERVAL '57 days' - INTERVAL '4 hours'),
('32000000-0000-4000-8000-000000000036', '10000000-0000-4000-8000-000000000001', '11000000-0000-4000-8000-000000000001', '20000000-0000-4000-8000-000000000005', '15000000-0000-4000-8000-000000000009', '30000000-0000-4000-8000-000000000003', '31000000-0000-4000-8000-000000000003', 'OT-00036', 'Bicicleta nueva, solicita armado y ajuste inicial.', NULL, 'Ajustar para carga de reparto diario.', 1000, 5.00, NOW() - INTERVAL '14 days' - INTERVAL '21 hours', NOW() - INTERVAL '14 days' - INTERVAL '21 hours' + INTERVAL '7 days', NULL, NOW() - INTERVAL '14 days' - INTERVAL '21 hours', NOW() - INTERVAL '14 days' - INTERVAL '21 hours'),
('32000000-0000-4000-8000-000000000037', '10000000-0000-4000-8000-000000000001', '11000000-0000-4000-8000-000000000002', '20000000-0000-4000-8000-000000000011', '15000000-0000-4000-8000-000000000009', '30000000-0000-4000-8000-000000000001', '31000000-0000-4000-8000-000000000001', 'OT-00037', 'Mantenimiento de 5000 km para bici de ruta.', NULL, 'Urgente: usa bici para trabajo.', 3000, 5.00, NOW() - INTERVAL '3 days' - INTERVAL '0 hours', NOW() - INTERVAL '3 days' - INTERVAL '0 hours' + INTERVAL '4 days', NULL, NOW() - INTERVAL '3 days' - INTERVAL '0 hours', NOW() - INTERVAL '3 days' - INTERVAL '0 hours'),
('32000000-0000-4000-8000-000000000038', '10000000-0000-4000-8000-000000000001', '11000000-0000-4000-8000-000000000002', '20000000-0000-4000-8000-000000000008', '15000000-0000-4000-8000-000000000003', '30000000-0000-4000-8000-000000000003', '31000000-0000-4000-8000-000000000006', 'OT-00038', 'Cambio no sube al plato grande; limitador desajustado.', NULL, 'Solicita mantenimiento preventivo de suspensiones.', 0, 0.00, NOW() - INTERVAL '8 days' - INTERVAL '2 hours', NOW() - INTERVAL '8 days' - INTERVAL '2 hours' + INTERVAL '7 days', NULL, NOW() - INTERVAL '8 days' - INTERVAL '2 hours', NOW() - INTERVAL '8 days' - INTERVAL '2 hours'),
('32000000-0000-4000-8000-000000000039', '10000000-0000-4000-8000-000000000001', '11000000-0000-4000-8000-000000000001', '20000000-0000-4000-8000-000000000009', '15000000-0000-4000-8000-000000000009', '30000000-0000-4000-8000-000000000006', '31000000-0000-4000-8000-000000000005', 'OT-00039', 'Desviador trasero golpeado en caída; colgado.', 'Reemplazo de pata de cambio y ajuste de desviador.', 'Necesita bicicleta para uso diario desde el lunes.', 0, 0.00, NOW() - INTERVAL '9 days' - INTERVAL '1 hours', NOW() - INTERVAL '9 days' - INTERVAL '1 hours' + INTERVAL '4 days', NULL, NOW() - INTERVAL '9 days' - INTERVAL '1 hours', NOW() - INTERVAL '9 days' - INTERVAL '1 hours'),
('32000000-0000-4000-8000-000000000040', '10000000-0000-4000-8000-000000000001', '11000000-0000-4000-8000-000000000002', '20000000-0000-4000-8000-000000000002', '15000000-0000-4000-8000-000000000009', '30000000-0000-4000-8000-000000000004', '31000000-0000-4000-8000-000000000006', 'OT-00040', 'Freno trasero sin presión; pastillas desgastadas.', NULL, 'Solicita presupuesto antes de cualquier cambio.', 5000, 0.00, NOW() - INTERVAL '40 days' - INTERVAL '23 hours', NOW() - INTERVAL '40 days' - INTERVAL '23 hours' + INTERVAL '3 days', NULL, NOW() - INTERVAL '40 days' - INTERVAL '23 hours', NOW() - INTERVAL '40 days' - INTERVAL '23 hours'),
('32000000-0000-4000-8000-000000000041', '10000000-0000-4000-8000-000000000001', '11000000-0000-4000-8000-000000000001', '20000000-0000-4000-8000-000000000001', '15000000-0000-4000-8000-000000000009', '30000000-0000-4000-8000-000000000003', '31000000-0000-4000-8000-000000000004', 'OT-00041', 'Cliente solicita pintura de cuadro personalizada.', NULL, 'Pide entrega a domicilio si supera 3 días.', 0, 0.00, NOW() - INTERVAL '51 days' - INTERVAL '13 hours', NOW() - INTERVAL '51 days' - INTERVAL '13 hours' + INTERVAL '7 days', NULL, NOW() - INTERVAL '51 days' - INTERVAL '13 hours', NOW() - INTERVAL '51 days' - INTERVAL '13 hours'),
('32000000-0000-4000-8000-000000000042', '10000000-0000-4000-8000-000000000001', '11000000-0000-4000-8000-000000000002', '20000000-0000-4000-8000-000000000001', '15000000-0000-4000-8000-000000000003', '30000000-0000-4000-8000-000000000002', '31000000-0000-4000-8000-000000000004', 'OT-00042', 'Solicita revisión general antes de viaje largo.', NULL, 'Pide entrega a domicilio si supera 3 días.', 0, 0.00, NOW() - INTERVAL '13 days' - INTERVAL '14 hours', NOW() - INTERVAL '13 days' - INTERVAL '14 hours' + INTERVAL '4 days', NULL, NOW() - INTERVAL '13 days' - INTERVAL '14 hours', NOW() - INTERVAL '13 days' - INTERVAL '14 hours'),
('32000000-0000-4000-8000-000000000043', '10000000-0000-4000-8000-000000000001', '11000000-0000-4000-8000-000000000002', '20000000-0000-4000-8000-000000000006', '15000000-0000-4000-8000-000000000003', '30000000-0000-4000-8000-000000000004', '31000000-0000-4000-8000-000000000004', 'OT-00043', 'Asiento roto y poste deslizante.', NULL, 'Ajustar para carga de reparto diario.', 1000, 0.00, NOW() - INTERVAL '50 days' - INTERVAL '8 hours', NOW() - INTERVAL '50 days' - INTERVAL '8 hours' + INTERVAL '4 days', NULL, NOW() - INTERVAL '50 days' - INTERVAL '8 hours', NOW() - INTERVAL '50 days' - INTERVAL '8 hours'),
('32000000-0000-4000-8000-000000000044', '10000000-0000-4000-8000-000000000001', '11000000-0000-4000-8000-000000000002', '20000000-0000-4000-8000-000000000002', '15000000-0000-4000-8000-000000000003', '30000000-0000-4000-8000-000000000006', '31000000-0000-4000-8000-000000000001', 'OT-00044', 'Pinchazo recurrente en rueda trasera y piola de cambio oxidada.', 'Se instalo camara nueva, fondo de llanta y piola de cambio.', 'Pide que se deje lista para competencia del sábado.', 1000, 5.00, NOW() - INTERVAL '38 days' - INTERVAL '8 hours', NOW() - INTERVAL '38 days' - INTERVAL '8 hours' + INTERVAL '2 days', NULL, NOW() - INTERVAL '38 days' - INTERVAL '8 hours', NOW() - INTERVAL '38 days' - INTERVAL '8 hours'),
('32000000-0000-4000-8000-000000000045', '10000000-0000-4000-8000-000000000001', '11000000-0000-4000-8000-000000000001', '20000000-0000-4000-8000-000000000010', '15000000-0000-4000-8000-000000000009', '30000000-0000-4000-8000-000000000006', '31000000-0000-4000-8000-000000000004', 'OT-00045', 'Bicicleta nueva, solicita armado y ajuste inicial.', 'Armado completo, ajuste de frenos, cambios y presiones de ruta.', 'Necesita bicicleta para uso diario desde el lunes.', 3000, 10.00, NOW() - INTERVAL '58 days' - INTERVAL '18 hours', NOW() - INTERVAL '58 days' - INTERVAL '18 hours' + INTERVAL '3 days', NULL, NOW() - INTERVAL '58 days' - INTERVAL '18 hours', NOW() - INTERVAL '58 days' - INTERVAL '18 hours'),
('32000000-0000-4000-8000-000000000046', '10000000-0000-4000-8000-000000000001', '11000000-0000-4000-8000-000000000001', '20000000-0000-4000-8000-000000000009', '15000000-0000-4000-8000-000000000009', '30000000-0000-4000-8000-000000000001', '31000000-0000-4000-8000-000000000005', 'OT-00046', 'Pedalier chirriante en humedad.', NULL, 'Pide que se deje lista para competencia del sábado.', 0, 0.00, NOW() - INTERVAL '28 days' - INTERVAL '2 hours', NOW() - INTERVAL '28 days' - INTERVAL '2 hours' + INTERVAL '7 days', NULL, NOW() - INTERVAL '28 days' - INTERVAL '2 hours', NOW() - INTERVAL '28 days' - INTERVAL '2 hours'),
('32000000-0000-4000-8000-000000000047', '10000000-0000-4000-8000-000000000001', '11000000-0000-4000-8000-000000000002', '20000000-0000-4000-8000-000000000005', '15000000-0000-4000-8000-000000000009', '30000000-0000-4000-8000-000000000002', '31000000-0000-4000-8000-000000000006', 'OT-00047', 'Solicita revisión general antes de viaje largo.', NULL, 'Solicita mantenimiento preventivo de suspensiones.', 0, 0.00, NOW() - INTERVAL '21 days' - INTERVAL '12 hours', NOW() - INTERVAL '21 days' - INTERVAL '12 hours' + INTERVAL '7 days', NULL, NOW() - INTERVAL '21 days' - INTERVAL '12 hours', NOW() - INTERVAL '21 days' - INTERVAL '12 hours'),
('32000000-0000-4000-8000-000000000048', '10000000-0000-4000-8000-000000000001', '11000000-0000-4000-8000-000000000001', '20000000-0000-4000-8000-000000000007', '15000000-0000-4000-8000-000000000009', '30000000-0000-4000-8000-000000000007', '31000000-0000-4000-8000-000000000006', 'OT-00048', 'Solicita revisión general antes de viaje largo.', 'Revisión de 15 puntos: frenos, cambios, ruedas, rodamientos y cuadro.', 'Ajustar manillar más alto posible.', 0, 10.00, NOW() - INTERVAL '26 days' - INTERVAL '17 hours', NOW() - INTERVAL '26 days' - INTERVAL '17 hours' + INTERVAL '2 days', NULL, NOW() - INTERVAL '26 days' - INTERVAL '17 hours', NOW() - INTERVAL '26 days' - INTERVAL '17 hours'),
('32000000-0000-4000-8000-000000000049', '10000000-0000-4000-8000-000000000001', '11000000-0000-4000-8000-000000000002', '20000000-0000-4000-8000-000000000008', '15000000-0000-4000-8000-000000000003', '30000000-0000-4000-8000-000000000006', '31000000-0000-4000-8000-000000000004', 'OT-00049', 'Horquilla pierde aire y rebote irregular.', 'Servicio completo de horquilla: sellos, aceite y ajuste de presión.', 'Avisar por WhatsApp antes de aprobar repuestos.', 0, 15.00, NOW() - INTERVAL '33 days' - INTERVAL '15 hours', NOW() - INTERVAL '33 days' - INTERVAL '15 hours' + INTERVAL '7 days', NULL, NOW() - INTERVAL '33 days' - INTERVAL '15 hours', NOW() - INTERVAL '33 days' - INTERVAL '15 hours'),
('32000000-0000-4000-8000-000000000050', '10000000-0000-4000-8000-000000000001', '11000000-0000-4000-8000-000000000002', '20000000-0000-4000-8000-000000000004', '15000000-0000-4000-8000-000000000003', '30000000-0000-4000-8000-000000000006', '31000000-0000-4000-8000-000000000001', 'OT-00050', 'Cadena con elongacion sobre 0,75 y freno trasero descentrado.', 'Se reemplazo cadena, se regularon cambios y frenos. Prueba de ruta conforme.', 'Necesita bicicleta para uso diario desde el lunes.', 0, 10.00, NOW() - INTERVAL '52 days' - INTERVAL '6 hours', NOW() - INTERVAL '52 days' - INTERVAL '6 hours' + INTERVAL '3 days', NULL, NOW() - INTERVAL '52 days' - INTERVAL '6 hours', NOW() - INTERVAL '52 days' - INTERVAL '6 hours'),
('32000000-0000-4000-8000-000000000051', '10000000-0000-4000-8000-000000000001', '11000000-0000-4000-8000-000000000001', '20000000-0000-4000-8000-000000000007', '15000000-0000-4000-8000-000000000009', '30000000-0000-4000-8000-000000000002', '31000000-0000-4000-8000-000000000004', 'OT-00051', 'Cambio no sube al plato grande; limitador desajustado.', NULL, 'Cliente solicita revisar presión para gran fondo del fin de semana.', 5000, 0.00, NOW() - INTERVAL '32 days' - INTERVAL '12 hours', NOW() - INTERVAL '32 days' - INTERVAL '12 hours' + INTERVAL '3 days', NULL, NOW() - INTERVAL '32 days' - INTERVAL '12 hours', NOW() - INTERVAL '32 days' - INTERVAL '12 hours'),
('32000000-0000-4000-8000-000000000052', '10000000-0000-4000-8000-000000000001', '11000000-0000-4000-8000-000000000001', '20000000-0000-4000-8000-000000000004', '15000000-0000-4000-8000-000000000009', '30000000-0000-4000-8000-000000000002', '31000000-0000-4000-8000-000000000004', 'OT-00052', 'Pinchazo recurrente en rueda trasera y piola de cambio oxidada.', NULL, 'Revisar sistema tubeless (pérdida de aire lenta).', 0, 0.00, NOW() - INTERVAL '4 days' - INTERVAL '17 hours', NOW() - INTERVAL '4 days' - INTERVAL '17 hours' + INTERVAL '3 days', NULL, NOW() - INTERVAL '4 days' - INTERVAL '17 hours', NOW() - INTERVAL '4 days' - INTERVAL '17 hours'),
('32000000-0000-4000-8000-000000000053', '10000000-0000-4000-8000-000000000001', '11000000-0000-4000-8000-000000000002', '20000000-0000-4000-8000-000000000009', '15000000-0000-4000-8000-000000000009', '30000000-0000-4000-8000-000000000008', '31000000-0000-4000-8000-000000000006', 'OT-00053', 'Neumático trasero desgastado y llanta descentrada.', 'Reemplazo de neumático y centrado de llanta.', 'Solicita mantenimiento preventivo de suspensiones.', 1000, 0.00, NOW() - INTERVAL '40 days' - INTERVAL '23 hours', NOW() - INTERVAL '40 days' - INTERVAL '23 hours' + INTERVAL '6 days', NOW() - INTERVAL '40 days' - INTERVAL '23 hours' + INTERVAL '5 days', NOW() - INTERVAL '40 days' - INTERVAL '23 hours', NOW() - INTERVAL '40 days' - INTERVAL '23 hours'),
('32000000-0000-4000-8000-000000000054', '10000000-0000-4000-8000-000000000001', '11000000-0000-4000-8000-000000000001', '20000000-0000-4000-8000-000000000005', '15000000-0000-4000-8000-000000000009', '30000000-0000-4000-8000-000000000008', '31000000-0000-4000-8000-000000000004', 'OT-00054', 'Asiento roto y poste deslizante.', 'Reemplazo de asiento y tija; torque especificado.', 'Pide entrega a domicilio si supera 3 días.', 0, 10.00, NOW() - INTERVAL '50 days' - INTERVAL '16 hours', NOW() - INTERVAL '50 days' - INTERVAL '16 hours' + INTERVAL '5 days', NOW() - INTERVAL '50 days' - INTERVAL '16 hours' + INTERVAL '4 days', NOW() - INTERVAL '50 days' - INTERVAL '16 hours', NOW() - INTERVAL '50 days' - INTERVAL '16 hours');

INSERT INTO orden_estados (id, orden_id, usuario_id, estado_anterior_id, estado_nuevo_id, observacion, created_at)
VALUES
('33000000-0000-4000-8000-000000000001', '32000000-0000-4000-8000-000000000005', '15000000-0000-4000-8000-000000000004', NULL, '30000000-0000-4000-8000-000000000001', 'Orden ingresada en recepcion.', NOW() - INTERVAL '49 days' - INTERVAL '5 hours'),
('33000000-0000-4000-8000-000000000002', '32000000-0000-4000-8000-000000000006', '15000000-0000-4000-8000-000000000004', NULL, '30000000-0000-4000-8000-000000000001', 'Orden ingresada en recepcion.', NOW() - INTERVAL '6 days' - INTERVAL '12 hours'),
('33000000-0000-4000-8000-000000000003', '32000000-0000-4000-8000-000000000006', '15000000-0000-4000-8000-000000000003', '30000000-0000-4000-8000-000000000001', '30000000-0000-4000-8000-000000000002', 'Diagnostico iniciado.', NOW() - INTERVAL '6 days' - INTERVAL '12 hours' + INTERVAL '2 hours'),
('33000000-0000-4000-8000-000000000004', '32000000-0000-4000-8000-000000000007', '15000000-0000-4000-8000-000000000004', NULL, '30000000-0000-4000-8000-000000000001', 'Orden ingresada en recepcion.', NOW() - INTERVAL '60 days' - INTERVAL '12 hours'),
('33000000-0000-4000-8000-000000000005', '32000000-0000-4000-8000-000000000007', '15000000-0000-4000-8000-000000000003', '30000000-0000-4000-8000-000000000001', '30000000-0000-4000-8000-000000000003', 'Cambio de estado operativo.', NOW() - INTERVAL '60 days' - INTERVAL '12 hours' + INTERVAL '1 hour'),
('33000000-0000-4000-8000-000000000006', '32000000-0000-4000-8000-000000000008', '15000000-0000-4000-8000-000000000004', NULL, '30000000-0000-4000-8000-000000000001', 'Orden ingresada en recepcion.', NOW() - INTERVAL '46 days' - INTERVAL '2 hours'),
('33000000-0000-4000-8000-000000000007', '32000000-0000-4000-8000-000000000008', '15000000-0000-4000-8000-000000000003', '30000000-0000-4000-8000-000000000001', '30000000-0000-4000-8000-000000000004', 'Cambio de estado operativo.', NOW() - INTERVAL '46 days' - INTERVAL '2 hours' + INTERVAL '1 hour'),
('33000000-0000-4000-8000-000000000008', '32000000-0000-4000-8000-000000000009', '15000000-0000-4000-8000-000000000004', NULL, '30000000-0000-4000-8000-000000000001', 'Orden ingresada en recepcion.', NOW() - INTERVAL '25 days' - INTERVAL '8 hours'),
('33000000-0000-4000-8000-000000000009', '32000000-0000-4000-8000-000000000009', '15000000-0000-4000-8000-000000000003', '30000000-0000-4000-8000-000000000001', '30000000-0000-4000-8000-000000000005', 'Cambio de estado operativo.', NOW() - INTERVAL '25 days' - INTERVAL '8 hours' + INTERVAL '1 hour'),
('33000000-0000-4000-8000-000000000010', '32000000-0000-4000-8000-000000000010', '15000000-0000-4000-8000-000000000004', NULL, '30000000-0000-4000-8000-000000000001', 'Orden ingresada en recepcion.', NOW() - INTERVAL '45 days' - INTERVAL '21 hours'),
('33000000-0000-4000-8000-000000000011', '32000000-0000-4000-8000-000000000010', '15000000-0000-4000-8000-000000000009', '30000000-0000-4000-8000-000000000001', '30000000-0000-4000-8000-000000000006', 'Cambio de estado operativo.', NOW() - INTERVAL '45 days' - INTERVAL '21 hours' + INTERVAL '1 hour'),
('33000000-0000-4000-8000-000000000012', '32000000-0000-4000-8000-000000000011', '15000000-0000-4000-8000-000000000004', NULL, '30000000-0000-4000-8000-000000000001', 'Orden ingresada en recepcion.', NOW() - INTERVAL '30 days' - INTERVAL '12 hours'),
('33000000-0000-4000-8000-000000000013', '32000000-0000-4000-8000-000000000011', '15000000-0000-4000-8000-000000000003', '30000000-0000-4000-8000-000000000001', '30000000-0000-4000-8000-000000000007', 'Cambio de estado operativo.', NOW() - INTERVAL '30 days' - INTERVAL '12 hours' + INTERVAL '1 hour'),
('33000000-0000-4000-8000-000000000014', '32000000-0000-4000-8000-000000000012', '15000000-0000-4000-8000-000000000004', NULL, '30000000-0000-4000-8000-000000000001', 'Orden ingresada en recepcion.', NOW() - INTERVAL '53 days' - INTERVAL '1 hours'),
('33000000-0000-4000-8000-000000000015', '32000000-0000-4000-8000-000000000012', '15000000-0000-4000-8000-000000000003', '30000000-0000-4000-8000-000000000001', '30000000-0000-4000-8000-000000000004', 'Trabajo iniciado.', NOW() - INTERVAL '53 days' - INTERVAL '1 hours' + INTERVAL '1 day'),
('33000000-0000-4000-8000-000000000016', '32000000-0000-4000-8000-000000000012', '15000000-0000-4000-8000-000000000003', '30000000-0000-4000-8000-000000000004', '30000000-0000-4000-8000-000000000007', 'Trabajo entregado y probado.', NOW() - INTERVAL '53 days' - INTERVAL '1 hours' + INTERVAL '3 days'),
('33000000-0000-4000-8000-000000000017', '32000000-0000-4000-8000-000000000013', '15000000-0000-4000-8000-000000000004', NULL, '30000000-0000-4000-8000-000000000001', 'Orden ingresada en recepcion.', NOW() - INTERVAL '57 days' - INTERVAL '20 hours'),
('33000000-0000-4000-8000-000000000018', '32000000-0000-4000-8000-000000000013', '15000000-0000-4000-8000-000000000009', '30000000-0000-4000-8000-000000000001', '30000000-0000-4000-8000-000000000006', 'Cambio de estado operativo.', NOW() - INTERVAL '57 days' - INTERVAL '20 hours' + INTERVAL '1 hour'),
('33000000-0000-4000-8000-000000000019', '32000000-0000-4000-8000-000000000014', '15000000-0000-4000-8000-000000000004', NULL, '30000000-0000-4000-8000-000000000001', 'Orden ingresada en recepcion.', NOW() - INTERVAL '24 days' - INTERVAL '7 hours'),
('33000000-0000-4000-8000-000000000020', '32000000-0000-4000-8000-000000000014', '15000000-0000-4000-8000-000000000009', '30000000-0000-4000-8000-000000000001', '30000000-0000-4000-8000-000000000005', 'Cambio de estado operativo.', NOW() - INTERVAL '24 days' - INTERVAL '7 hours' + INTERVAL '1 hour'),
('33000000-0000-4000-8000-000000000021', '32000000-0000-4000-8000-000000000015', '15000000-0000-4000-8000-000000000004', NULL, '30000000-0000-4000-8000-000000000001', 'Orden ingresada en recepcion.', NOW() - INTERVAL '39 days' - INTERVAL '2 hours'),
('33000000-0000-4000-8000-000000000022', '32000000-0000-4000-8000-000000000016', '15000000-0000-4000-8000-000000000004', NULL, '30000000-0000-4000-8000-000000000001', 'Orden ingresada en recepcion.', NOW() - INTERVAL '50 days' - INTERVAL '20 hours'),
('33000000-0000-4000-8000-000000000023', '32000000-0000-4000-8000-000000000016', '15000000-0000-4000-8000-000000000009', '30000000-0000-4000-8000-000000000001', '30000000-0000-4000-8000-000000000005', 'Cambio de estado operativo.', NOW() - INTERVAL '50 days' - INTERVAL '20 hours' + INTERVAL '1 hour'),
('33000000-0000-4000-8000-000000000024', '32000000-0000-4000-8000-000000000017', '15000000-0000-4000-8000-000000000004', NULL, '30000000-0000-4000-8000-000000000001', 'Orden ingresada en recepcion.', NOW() - INTERVAL '33 days' - INTERVAL '3 hours'),
('33000000-0000-4000-8000-000000000025', '32000000-0000-4000-8000-000000000017', '15000000-0000-4000-8000-000000000003', '30000000-0000-4000-8000-000000000001', '30000000-0000-4000-8000-000000000004', 'Trabajo iniciado.', NOW() - INTERVAL '33 days' - INTERVAL '3 hours' + INTERVAL '1 day'),
('33000000-0000-4000-8000-000000000026', '32000000-0000-4000-8000-000000000017', '15000000-0000-4000-8000-000000000003', '30000000-0000-4000-8000-000000000004', '30000000-0000-4000-8000-000000000007', 'Trabajo entregado y probado.', NOW() - INTERVAL '33 days' - INTERVAL '3 hours' + INTERVAL '6 days'),
('33000000-0000-4000-8000-000000000027', '32000000-0000-4000-8000-000000000018', '15000000-0000-4000-8000-000000000004', NULL, '30000000-0000-4000-8000-000000000001', 'Orden ingresada en recepcion.', NOW() - INTERVAL '32 days' - INTERVAL '0 hours'),
('33000000-0000-4000-8000-000000000028', '32000000-0000-4000-8000-000000000018', '15000000-0000-4000-8000-000000000009', '30000000-0000-4000-8000-000000000001', '30000000-0000-4000-8000-000000000003', 'Cambio de estado operativo.', NOW() - INTERVAL '32 days' - INTERVAL '0 hours' + INTERVAL '1 hour'),
('33000000-0000-4000-8000-000000000029', '32000000-0000-4000-8000-000000000019', '15000000-0000-4000-8000-000000000004', NULL, '30000000-0000-4000-8000-000000000001', 'Orden ingresada en recepcion.', NOW() - INTERVAL '53 days' - INTERVAL '2 hours'),
('33000000-0000-4000-8000-000000000030', '32000000-0000-4000-8000-000000000019', '15000000-0000-4000-8000-000000000009', '30000000-0000-4000-8000-000000000001', '30000000-0000-4000-8000-000000000004', 'Cambio de estado operativo.', NOW() - INTERVAL '53 days' - INTERVAL '2 hours' + INTERVAL '1 hour'),
('33000000-0000-4000-8000-000000000031', '32000000-0000-4000-8000-000000000020', '15000000-0000-4000-8000-000000000004', NULL, '30000000-0000-4000-8000-000000000001', 'Orden ingresada en recepcion.', NOW() - INTERVAL '14 days' - INTERVAL '17 hours'),
('33000000-0000-4000-8000-000000000032', '32000000-0000-4000-8000-000000000020', '15000000-0000-4000-8000-000000000009', '30000000-0000-4000-8000-000000000001', '30000000-0000-4000-8000-000000000004', 'Trabajo iniciado.', NOW() - INTERVAL '14 days' - INTERVAL '17 hours' + INTERVAL '1 day'),
('33000000-0000-4000-8000-000000000033', '32000000-0000-4000-8000-000000000020', '15000000-0000-4000-8000-000000000009', '30000000-0000-4000-8000-000000000004', '30000000-0000-4000-8000-000000000007', 'Trabajo entregado y probado.', NOW() - INTERVAL '14 days' - INTERVAL '17 hours' + INTERVAL '6 days'),
('33000000-0000-4000-8000-000000000034', '32000000-0000-4000-8000-000000000021', '15000000-0000-4000-8000-000000000004', NULL, '30000000-0000-4000-8000-000000000001', 'Orden ingresada en recepcion.', NOW() - INTERVAL '58 days' - INTERVAL '16 hours'),
('33000000-0000-4000-8000-000000000035', '32000000-0000-4000-8000-000000000021', '15000000-0000-4000-8000-000000000009', '30000000-0000-4000-8000-000000000001', '30000000-0000-4000-8000-000000000007', 'Cambio de estado operativo.', NOW() - INTERVAL '58 days' - INTERVAL '16 hours' + INTERVAL '1 hour'),
('33000000-0000-4000-8000-000000000036', '32000000-0000-4000-8000-000000000022', '15000000-0000-4000-8000-000000000004', NULL, '30000000-0000-4000-8000-000000000001', 'Orden ingresada en recepcion.', NOW() - INTERVAL '1 days' - INTERVAL '2 hours'),
('33000000-0000-4000-8000-000000000037', '32000000-0000-4000-8000-000000000022', '15000000-0000-4000-8000-000000000003', '30000000-0000-4000-8000-000000000001', '30000000-0000-4000-8000-000000000006', 'Cambio de estado operativo.', NOW() - INTERVAL '1 days' - INTERVAL '2 hours' + INTERVAL '1 hour'),
('33000000-0000-4000-8000-000000000038', '32000000-0000-4000-8000-000000000023', '15000000-0000-4000-8000-000000000004', NULL, '30000000-0000-4000-8000-000000000001', 'Orden ingresada en recepcion.', NOW() - INTERVAL '43 days' - INTERVAL '15 hours'),
('33000000-0000-4000-8000-000000000039', '32000000-0000-4000-8000-000000000024', '15000000-0000-4000-8000-000000000004', NULL, '30000000-0000-4000-8000-000000000001', 'Orden ingresada en recepcion.', NOW() - INTERVAL '7 days' - INTERVAL '3 hours'),
('33000000-0000-4000-8000-000000000040', '32000000-0000-4000-8000-000000000024', '15000000-0000-4000-8000-000000000003', '30000000-0000-4000-8000-000000000001', '30000000-0000-4000-8000-000000000004', 'Trabajo iniciado.', NOW() - INTERVAL '7 days' - INTERVAL '3 hours' + INTERVAL '1 day'),
('33000000-0000-4000-8000-000000000041', '32000000-0000-4000-8000-000000000024', '15000000-0000-4000-8000-000000000003', '30000000-0000-4000-8000-000000000004', '30000000-0000-4000-8000-000000000007', 'Trabajo entregado y probado.', NOW() - INTERVAL '7 days' - INTERVAL '3 hours' + INTERVAL '6 days'),
('33000000-0000-4000-8000-000000000042', '32000000-0000-4000-8000-000000000025', '15000000-0000-4000-8000-000000000004', NULL, '30000000-0000-4000-8000-000000000001', 'Orden ingresada en recepcion.', NOW() - INTERVAL '26 days' - INTERVAL '23 hours'),
('33000000-0000-4000-8000-000000000043', '32000000-0000-4000-8000-000000000025', '15000000-0000-4000-8000-000000000003', '30000000-0000-4000-8000-000000000001', '30000000-0000-4000-8000-000000000004', 'Trabajo iniciado.', NOW() - INTERVAL '26 days' - INTERVAL '23 hours' + INTERVAL '1 day'),
('33000000-0000-4000-8000-000000000044', '32000000-0000-4000-8000-000000000025', '15000000-0000-4000-8000-000000000003', '30000000-0000-4000-8000-000000000004', '30000000-0000-4000-8000-000000000007', 'Trabajo entregado y probado.', NOW() - INTERVAL '26 days' - INTERVAL '23 hours' + INTERVAL '3 days'),
('33000000-0000-4000-8000-000000000045', '32000000-0000-4000-8000-000000000026', '15000000-0000-4000-8000-000000000004', NULL, '30000000-0000-4000-8000-000000000001', 'Orden ingresada en recepcion.', NOW() - INTERVAL '30 days' - INTERVAL '7 hours'),
('33000000-0000-4000-8000-000000000046', '32000000-0000-4000-8000-000000000026', '15000000-0000-4000-8000-000000000009', '30000000-0000-4000-8000-000000000001', '30000000-0000-4000-8000-000000000004', 'Trabajo iniciado.', NOW() - INTERVAL '30 days' - INTERVAL '7 hours' + INTERVAL '1 day'),
('33000000-0000-4000-8000-000000000047', '32000000-0000-4000-8000-000000000026', '15000000-0000-4000-8000-000000000009', '30000000-0000-4000-8000-000000000004', '30000000-0000-4000-8000-000000000007', 'Trabajo entregado y probado.', NOW() - INTERVAL '30 days' - INTERVAL '7 hours' + INTERVAL '1 days'),
('33000000-0000-4000-8000-000000000048', '32000000-0000-4000-8000-000000000027', '15000000-0000-4000-8000-000000000004', NULL, '30000000-0000-4000-8000-000000000001', 'Orden ingresada en recepcion.', NOW() - INTERVAL '32 days' - INTERVAL '15 hours'),
('33000000-0000-4000-8000-000000000049', '32000000-0000-4000-8000-000000000028', '15000000-0000-4000-8000-000000000004', NULL, '30000000-0000-4000-8000-000000000001', 'Orden ingresada en recepcion.', NOW() - INTERVAL '28 days' - INTERVAL '22 hours'),
('33000000-0000-4000-8000-000000000050', '32000000-0000-4000-8000-000000000029', '15000000-0000-4000-8000-000000000004', NULL, '30000000-0000-4000-8000-000000000001', 'Orden ingresada en recepcion.', NOW() - INTERVAL '4 days' - INTERVAL '1 hours'),
('33000000-0000-4000-8000-000000000051', '32000000-0000-4000-8000-000000000029', '15000000-0000-4000-8000-000000000009', '30000000-0000-4000-8000-000000000001', '30000000-0000-4000-8000-000000000005', 'Cambio de estado operativo.', NOW() - INTERVAL '4 days' - INTERVAL '1 hours' + INTERVAL '1 hour'),
('33000000-0000-4000-8000-000000000052', '32000000-0000-4000-8000-000000000030', '15000000-0000-4000-8000-000000000004', NULL, '30000000-0000-4000-8000-000000000001', 'Orden ingresada en recepcion.', NOW() - INTERVAL '5 days' - INTERVAL '19 hours'),
('33000000-0000-4000-8000-000000000053', '32000000-0000-4000-8000-000000000030', '15000000-0000-4000-8000-000000000003', '30000000-0000-4000-8000-000000000001', '30000000-0000-4000-8000-000000000003', 'Cambio de estado operativo.', NOW() - INTERVAL '5 days' - INTERVAL '19 hours' + INTERVAL '1 hour'),
('33000000-0000-4000-8000-000000000054', '32000000-0000-4000-8000-000000000031', '15000000-0000-4000-8000-000000000004', NULL, '30000000-0000-4000-8000-000000000001', 'Orden ingresada en recepcion.', NOW() - INTERVAL '27 days' - INTERVAL '21 hours'),
('33000000-0000-4000-8000-000000000055', '32000000-0000-4000-8000-000000000031', '15000000-0000-4000-8000-000000000003', '30000000-0000-4000-8000-000000000001', '30000000-0000-4000-8000-000000000004', 'Cambio de estado operativo.', NOW() - INTERVAL '27 days' - INTERVAL '21 hours' + INTERVAL '1 hour'),
('33000000-0000-4000-8000-000000000056', '32000000-0000-4000-8000-000000000032', '15000000-0000-4000-8000-000000000004', NULL, '30000000-0000-4000-8000-000000000001', 'Orden ingresada en recepcion.', NOW() - INTERVAL '17 days' - INTERVAL '12 hours'),
('33000000-0000-4000-8000-000000000057', '32000000-0000-4000-8000-000000000032', '15000000-0000-4000-8000-000000000003', '30000000-0000-4000-8000-000000000001', '30000000-0000-4000-8000-000000000004', 'Cambio de estado operativo.', NOW() - INTERVAL '17 days' - INTERVAL '12 hours' + INTERVAL '1 hour'),
('33000000-0000-4000-8000-000000000058', '32000000-0000-4000-8000-000000000033', '15000000-0000-4000-8000-000000000004', NULL, '30000000-0000-4000-8000-000000000001', 'Orden ingresada en recepcion.', NOW() - INTERVAL '35 days' - INTERVAL '6 hours'),
('33000000-0000-4000-8000-000000000059', '32000000-0000-4000-8000-000000000033', '15000000-0000-4000-8000-000000000003', '30000000-0000-4000-8000-000000000001', '30000000-0000-4000-8000-000000000002', 'Diagnostico iniciado.', NOW() - INTERVAL '35 days' - INTERVAL '6 hours' + INTERVAL '2 hours'),
('33000000-0000-4000-8000-000000000060', '32000000-0000-4000-8000-000000000034', '15000000-0000-4000-8000-000000000004', NULL, '30000000-0000-4000-8000-000000000001', 'Orden ingresada en recepcion.', NOW() - INTERVAL '54 days' - INTERVAL '17 hours'),
('33000000-0000-4000-8000-000000000061', '32000000-0000-4000-8000-000000000034', '15000000-0000-4000-8000-000000000009', '30000000-0000-4000-8000-000000000001', '30000000-0000-4000-8000-000000000004', 'Cambio de estado operativo.', NOW() - INTERVAL '54 days' - INTERVAL '17 hours' + INTERVAL '1 hour'),
('33000000-0000-4000-8000-000000000062', '32000000-0000-4000-8000-000000000035', '15000000-0000-4000-8000-000000000004', NULL, '30000000-0000-4000-8000-000000000001', 'Orden ingresada en recepcion.', NOW() - INTERVAL '57 days' - INTERVAL '4 hours'),
('33000000-0000-4000-8000-000000000063', '32000000-0000-4000-8000-000000000036', '15000000-0000-4000-8000-000000000004', NULL, '30000000-0000-4000-8000-000000000001', 'Orden ingresada en recepcion.', NOW() - INTERVAL '14 days' - INTERVAL '21 hours'),
('33000000-0000-4000-8000-000000000064', '32000000-0000-4000-8000-000000000036', '15000000-0000-4000-8000-000000000009', '30000000-0000-4000-8000-000000000001', '30000000-0000-4000-8000-000000000003', 'Cambio de estado operativo.', NOW() - INTERVAL '14 days' - INTERVAL '21 hours' + INTERVAL '1 hour'),
('33000000-0000-4000-8000-000000000065', '32000000-0000-4000-8000-000000000037', '15000000-0000-4000-8000-000000000004', NULL, '30000000-0000-4000-8000-000000000001', 'Orden ingresada en recepcion.', NOW() - INTERVAL '3 days' - INTERVAL '0 hours'),
('33000000-0000-4000-8000-000000000066', '32000000-0000-4000-8000-000000000038', '15000000-0000-4000-8000-000000000004', NULL, '30000000-0000-4000-8000-000000000001', 'Orden ingresada en recepcion.', NOW() - INTERVAL '8 days' - INTERVAL '2 hours'),
('33000000-0000-4000-8000-000000000067', '32000000-0000-4000-8000-000000000038', '15000000-0000-4000-8000-000000000003', '30000000-0000-4000-8000-000000000001', '30000000-0000-4000-8000-000000000003', 'Cambio de estado operativo.', NOW() - INTERVAL '8 days' - INTERVAL '2 hours' + INTERVAL '1 hour'),
('33000000-0000-4000-8000-000000000068', '32000000-0000-4000-8000-000000000039', '15000000-0000-4000-8000-000000000004', NULL, '30000000-0000-4000-8000-000000000001', 'Orden ingresada en recepcion.', NOW() - INTERVAL '9 days' - INTERVAL '1 hours'),
('33000000-0000-4000-8000-000000000069', '32000000-0000-4000-8000-000000000039', '15000000-0000-4000-8000-000000000009', '30000000-0000-4000-8000-000000000001', '30000000-0000-4000-8000-000000000006', 'Cambio de estado operativo.', NOW() - INTERVAL '9 days' - INTERVAL '1 hours' + INTERVAL '1 hour'),
('33000000-0000-4000-8000-000000000070', '32000000-0000-4000-8000-000000000040', '15000000-0000-4000-8000-000000000004', NULL, '30000000-0000-4000-8000-000000000001', 'Orden ingresada en recepcion.', NOW() - INTERVAL '40 days' - INTERVAL '23 hours'),
('33000000-0000-4000-8000-000000000071', '32000000-0000-4000-8000-000000000040', '15000000-0000-4000-8000-000000000009', '30000000-0000-4000-8000-000000000001', '30000000-0000-4000-8000-000000000004', 'Cambio de estado operativo.', NOW() - INTERVAL '40 days' - INTERVAL '23 hours' + INTERVAL '1 hour'),
('33000000-0000-4000-8000-000000000072', '32000000-0000-4000-8000-000000000041', '15000000-0000-4000-8000-000000000004', NULL, '30000000-0000-4000-8000-000000000001', 'Orden ingresada en recepcion.', NOW() - INTERVAL '51 days' - INTERVAL '13 hours'),
('33000000-0000-4000-8000-000000000073', '32000000-0000-4000-8000-000000000041', '15000000-0000-4000-8000-000000000009', '30000000-0000-4000-8000-000000000001', '30000000-0000-4000-8000-000000000003', 'Cambio de estado operativo.', NOW() - INTERVAL '51 days' - INTERVAL '13 hours' + INTERVAL '1 hour'),
('33000000-0000-4000-8000-000000000074', '32000000-0000-4000-8000-000000000042', '15000000-0000-4000-8000-000000000004', NULL, '30000000-0000-4000-8000-000000000001', 'Orden ingresada en recepcion.', NOW() - INTERVAL '13 days' - INTERVAL '14 hours'),
('33000000-0000-4000-8000-000000000075', '32000000-0000-4000-8000-000000000042', '15000000-0000-4000-8000-000000000003', '30000000-0000-4000-8000-000000000001', '30000000-0000-4000-8000-000000000002', 'Diagnostico iniciado.', NOW() - INTERVAL '13 days' - INTERVAL '14 hours' + INTERVAL '2 hours'),
('33000000-0000-4000-8000-000000000076', '32000000-0000-4000-8000-000000000043', '15000000-0000-4000-8000-000000000004', NULL, '30000000-0000-4000-8000-000000000001', 'Orden ingresada en recepcion.', NOW() - INTERVAL '50 days' - INTERVAL '8 hours'),
('33000000-0000-4000-8000-000000000077', '32000000-0000-4000-8000-000000000043', '15000000-0000-4000-8000-000000000003', '30000000-0000-4000-8000-000000000001', '30000000-0000-4000-8000-000000000004', 'Cambio de estado operativo.', NOW() - INTERVAL '50 days' - INTERVAL '8 hours' + INTERVAL '1 hour'),
('33000000-0000-4000-8000-000000000078', '32000000-0000-4000-8000-000000000044', '15000000-0000-4000-8000-000000000004', NULL, '30000000-0000-4000-8000-000000000001', 'Orden ingresada en recepcion.', NOW() - INTERVAL '38 days' - INTERVAL '8 hours'),
('33000000-0000-4000-8000-000000000079', '32000000-0000-4000-8000-000000000044', '15000000-0000-4000-8000-000000000003', '30000000-0000-4000-8000-000000000001', '30000000-0000-4000-8000-000000000006', 'Cambio de estado operativo.', NOW() - INTERVAL '38 days' - INTERVAL '8 hours' + INTERVAL '1 hour'),
('33000000-0000-4000-8000-000000000080', '32000000-0000-4000-8000-000000000045', '15000000-0000-4000-8000-000000000004', NULL, '30000000-0000-4000-8000-000000000001', 'Orden ingresada en recepcion.', NOW() - INTERVAL '58 days' - INTERVAL '18 hours'),
('33000000-0000-4000-8000-000000000081', '32000000-0000-4000-8000-000000000045', '15000000-0000-4000-8000-000000000009', '30000000-0000-4000-8000-000000000001', '30000000-0000-4000-8000-000000000006', 'Cambio de estado operativo.', NOW() - INTERVAL '58 days' - INTERVAL '18 hours' + INTERVAL '1 hour'),
('33000000-0000-4000-8000-000000000082', '32000000-0000-4000-8000-000000000046', '15000000-0000-4000-8000-000000000004', NULL, '30000000-0000-4000-8000-000000000001', 'Orden ingresada en recepcion.', NOW() - INTERVAL '28 days' - INTERVAL '2 hours'),
('33000000-0000-4000-8000-000000000083', '32000000-0000-4000-8000-000000000047', '15000000-0000-4000-8000-000000000004', NULL, '30000000-0000-4000-8000-000000000001', 'Orden ingresada en recepcion.', NOW() - INTERVAL '21 days' - INTERVAL '12 hours'),
('33000000-0000-4000-8000-000000000084', '32000000-0000-4000-8000-000000000047', '15000000-0000-4000-8000-000000000009', '30000000-0000-4000-8000-000000000001', '30000000-0000-4000-8000-000000000002', 'Diagnostico iniciado.', NOW() - INTERVAL '21 days' - INTERVAL '12 hours' + INTERVAL '2 hours'),
('33000000-0000-4000-8000-000000000085', '32000000-0000-4000-8000-000000000048', '15000000-0000-4000-8000-000000000004', NULL, '30000000-0000-4000-8000-000000000001', 'Orden ingresada en recepcion.', NOW() - INTERVAL '26 days' - INTERVAL '17 hours'),
('33000000-0000-4000-8000-000000000086', '32000000-0000-4000-8000-000000000048', '15000000-0000-4000-8000-000000000009', '30000000-0000-4000-8000-000000000001', '30000000-0000-4000-8000-000000000007', 'Cambio de estado operativo.', NOW() - INTERVAL '26 days' - INTERVAL '17 hours' + INTERVAL '1 hour'),
('33000000-0000-4000-8000-000000000087', '32000000-0000-4000-8000-000000000049', '15000000-0000-4000-8000-000000000004', NULL, '30000000-0000-4000-8000-000000000001', 'Orden ingresada en recepcion.', NOW() - INTERVAL '33 days' - INTERVAL '15 hours'),
('33000000-0000-4000-8000-000000000088', '32000000-0000-4000-8000-000000000049', '15000000-0000-4000-8000-000000000003', '30000000-0000-4000-8000-000000000001', '30000000-0000-4000-8000-000000000006', 'Cambio de estado operativo.', NOW() - INTERVAL '33 days' - INTERVAL '15 hours' + INTERVAL '1 hour'),
('33000000-0000-4000-8000-000000000089', '32000000-0000-4000-8000-000000000050', '15000000-0000-4000-8000-000000000004', NULL, '30000000-0000-4000-8000-000000000001', 'Orden ingresada en recepcion.', NOW() - INTERVAL '52 days' - INTERVAL '6 hours'),
('33000000-0000-4000-8000-000000000090', '32000000-0000-4000-8000-000000000050', '15000000-0000-4000-8000-000000000003', '30000000-0000-4000-8000-000000000001', '30000000-0000-4000-8000-000000000006', 'Cambio de estado operativo.', NOW() - INTERVAL '52 days' - INTERVAL '6 hours' + INTERVAL '1 hour'),
('33000000-0000-4000-8000-000000000091', '32000000-0000-4000-8000-000000000051', '15000000-0000-4000-8000-000000000004', NULL, '30000000-0000-4000-8000-000000000001', 'Orden ingresada en recepcion.', NOW() - INTERVAL '32 days' - INTERVAL '12 hours'),
('33000000-0000-4000-8000-000000000092', '32000000-0000-4000-8000-000000000051', '15000000-0000-4000-8000-000000000009', '30000000-0000-4000-8000-000000000001', '30000000-0000-4000-8000-000000000002', 'Diagnostico iniciado.', NOW() - INTERVAL '32 days' - INTERVAL '12 hours' + INTERVAL '2 hours'),
('33000000-0000-4000-8000-000000000093', '32000000-0000-4000-8000-000000000052', '15000000-0000-4000-8000-000000000004', NULL, '30000000-0000-4000-8000-000000000001', 'Orden ingresada en recepcion.', NOW() - INTERVAL '4 days' - INTERVAL '17 hours'),
('33000000-0000-4000-8000-000000000094', '32000000-0000-4000-8000-000000000052', '15000000-0000-4000-8000-000000000009', '30000000-0000-4000-8000-000000000001', '30000000-0000-4000-8000-000000000002', 'Diagnostico iniciado.', NOW() - INTERVAL '4 days' - INTERVAL '17 hours' + INTERVAL '2 hours'),
('33000000-0000-4000-8000-000000000095', '32000000-0000-4000-8000-000000000053', '15000000-0000-4000-8000-000000000004', NULL, '30000000-0000-4000-8000-000000000001', 'Orden ingresada en recepcion.', NOW() - INTERVAL '40 days' - INTERVAL '23 hours'),
('33000000-0000-4000-8000-000000000096', '32000000-0000-4000-8000-000000000053', '15000000-0000-4000-8000-000000000009', '30000000-0000-4000-8000-000000000001', '30000000-0000-4000-8000-000000000004', 'Trabajo iniciado.', NOW() - INTERVAL '40 days' - INTERVAL '23 hours' + INTERVAL '1 day'),
('33000000-0000-4000-8000-000000000097', '32000000-0000-4000-8000-000000000053', '15000000-0000-4000-8000-000000000009', '30000000-0000-4000-8000-000000000004', '30000000-0000-4000-8000-000000000007', 'Trabajo entregado y probado.', NOW() - INTERVAL '40 days' - INTERVAL '23 hours' + INTERVAL '5 days'),
('33000000-0000-4000-8000-000000000098', '32000000-0000-4000-8000-000000000054', '15000000-0000-4000-8000-000000000004', NULL, '30000000-0000-4000-8000-000000000001', 'Orden ingresada en recepcion.', NOW() - INTERVAL '50 days' - INTERVAL '16 hours'),
('33000000-0000-4000-8000-000000000099', '32000000-0000-4000-8000-000000000054', '15000000-0000-4000-8000-000000000009', '30000000-0000-4000-8000-000000000001', '30000000-0000-4000-8000-000000000004', 'Trabajo iniciado.', NOW() - INTERVAL '50 days' - INTERVAL '16 hours' + INTERVAL '1 day'),
('33000000-0000-4000-8000-000000000100', '32000000-0000-4000-8000-000000000054', '15000000-0000-4000-8000-000000000009', '30000000-0000-4000-8000-000000000004', '30000000-0000-4000-8000-000000000007', 'Trabajo entregado y probado.', NOW() - INTERVAL '50 days' - INTERVAL '16 hours' + INTERVAL '4 days');

INSERT INTO orden_comentarios (id, orden_id, usuario_id, texto, created_at)
VALUES
('34000000-0000-4000-8000-000000000004', '32000000-0000-4000-8000-000000000005', '15000000-0000-4000-8000-000000000004', 'Cliente prefiere recoger después de las 18:00.', NOW() - INTERVAL '49 days' - INTERVAL '5 hours' + INTERVAL '22 hours'),
('34000000-0000-4000-8000-000000000005', '32000000-0000-4000-8000-000000000005', '15000000-0000-4000-8000-000000000009', 'Cliente dejó candado en recepción; no olvidar entregar.', NOW() - INTERVAL '49 days' - INTERVAL '5 hours' + INTERVAL '6 hours'),
('34000000-0000-4000-8000-000000000006', '32000000-0000-4000-8000-000000000006', '15000000-0000-4000-8000-000000000002', 'Se dejo neumatico trasero con 55 PSI por carga de reparto.', NOW() - INTERVAL '6 days' - INTERVAL '12 hours' + INTERVAL '46 hours'),
('34000000-0000-4000-8000-000000000007', '32000000-0000-4000-8000-000000000007', '15000000-0000-4000-8000-000000000002', 'Repuesto solicitado a proveedor; ETA 3 días.', NOW() - INTERVAL '60 days' - INTERVAL '12 hours' + INTERVAL '35 hours'),
('34000000-0000-4000-8000-000000000008', '32000000-0000-4000-8000-000000000007', '15000000-0000-4000-8000-000000000002', 'Revisar garantía de componente antes de cobrar.', NOW() - INTERVAL '60 days' - INTERVAL '12 hours' + INTERVAL '4 hours'),
('34000000-0000-4000-8000-000000000009', '32000000-0000-4000-8000-000000000008', '15000000-0000-4000-8000-000000000002', 'Ajustar posición de sillín según medición anterior.', NOW() - INTERVAL '46 days' - INTERVAL '2 hours' + INTERVAL '45 hours'),
('34000000-0000-4000-8000-000000000010', '32000000-0000-4000-8000-000000000008', '15000000-0000-4000-8000-000000000003', 'Ajustar posición de sillín según medición anterior.', NOW() - INTERVAL '46 days' - INTERVAL '2 hours' + INTERVAL '25 hours'),
('34000000-0000-4000-8000-000000000011', '32000000-0000-4000-8000-000000000011', '15000000-0000-4000-8000-000000000002', 'Cliente dejó candado en recepción; no olvidar entregar.', NOW() - INTERVAL '30 days' - INTERVAL '12 hours' + INTERVAL '48 hours'),
('34000000-0000-4000-8000-000000000012', '32000000-0000-4000-8000-000000000011', '15000000-0000-4000-8000-000000000004', 'Bicicleta requiere limpieza profunda antes de entrega.', NOW() - INTERVAL '30 days' - INTERVAL '12 hours' + INTERVAL '15 hours'),
('34000000-0000-4000-8000-000000000013', '32000000-0000-4000-8000-000000000012', '15000000-0000-4000-8000-000000000003', 'Revisar garantía de componente antes de cobrar.', NOW() - INTERVAL '53 days' - INTERVAL '1 hours' + INTERVAL '22 hours'),
('34000000-0000-4000-8000-000000000014', '32000000-0000-4000-8000-000000000012', '15000000-0000-4000-8000-000000000002', 'Se dejo neumatico trasero con 55 PSI por carga de reparto.', NOW() - INTERVAL '53 days' - INTERVAL '1 hours' + INTERVAL '30 hours'),
('34000000-0000-4000-8000-000000000015', '32000000-0000-4000-8000-000000000019', '15000000-0000-4000-8000-000000000004', 'Bicicleta requiere limpieza profunda antes de entrega.', NOW() - INTERVAL '53 days' - INTERVAL '2 hours' + INTERVAL '12 hours'),
('34000000-0000-4000-8000-000000000016', '32000000-0000-4000-8000-000000000019', '15000000-0000-4000-8000-000000000003', 'Cliente prefiere recoger después de las 18:00.', NOW() - INTERVAL '53 days' - INTERVAL '2 hours' + INTERVAL '25 hours'),
('34000000-0000-4000-8000-000000000017', '32000000-0000-4000-8000-000000000020', '15000000-0000-4000-8000-000000000009', 'Repuesto solicitado a proveedor; ETA 3 días.', NOW() - INTERVAL '14 days' - INTERVAL '17 hours' + INTERVAL '25 hours'),
('34000000-0000-4000-8000-000000000018', '32000000-0000-4000-8000-000000000020', '15000000-0000-4000-8000-000000000009', 'Revisar garantía de componente antes de cobrar.', NOW() - INTERVAL '14 days' - INTERVAL '17 hours' + INTERVAL '17 hours'),
('34000000-0000-4000-8000-000000000019', '32000000-0000-4000-8000-000000000024', '15000000-0000-4000-8000-000000000004', 'Cliente autoriza diagnostico, pero pide aprobar presupuesto por mensaje.', NOW() - INTERVAL '7 days' - INTERVAL '3 hours' + INTERVAL '42 hours'),
('34000000-0000-4000-8000-000000000020', '32000000-0000-4000-8000-000000000024', '15000000-0000-4000-8000-000000000003', 'Las pastillas venian contaminadas con aceite; se recomienda limpiar disco antes de entregar.', NOW() - INTERVAL '7 days' - INTERVAL '3 hours' + INTERVAL '16 hours'),
('34000000-0000-4000-8000-000000000021', '32000000-0000-4000-8000-000000000025', '15000000-0000-4000-8000-000000000004', 'Verificar que el manillar quede alineado con la rueda delantera.', NOW() - INTERVAL '26 days' - INTERVAL '23 hours' + INTERVAL '9 hours'),
('34000000-0000-4000-8000-000000000022', '32000000-0000-4000-8000-000000000027', '15000000-0000-4000-8000-000000000002', 'Cliente prefiere recoger después de las 18:00.', NOW() - INTERVAL '32 days' - INTERVAL '15 hours' + INTERVAL '24 hours'),
('34000000-0000-4000-8000-000000000023', '32000000-0000-4000-8000-000000000028', '15000000-0000-4000-8000-000000000004', 'Cliente prefiere recoger después de las 18:00.', NOW() - INTERVAL '28 days' - INTERVAL '22 hours' + INTERVAL '7 hours'),
('34000000-0000-4000-8000-000000000024', '32000000-0000-4000-8000-000000000033', '15000000-0000-4000-8000-000000000003', 'Ajustar posición de sillín según medición anterior.', NOW() - INTERVAL '35 days' - INTERVAL '6 hours' + INTERVAL '45 hours'),
('34000000-0000-4000-8000-000000000025', '32000000-0000-4000-8000-000000000035', '15000000-0000-4000-8000-000000000003', 'Ajustar posición de sillín según medición anterior.', NOW() - INTERVAL '57 days' - INTERVAL '4 hours' + INTERVAL '3 hours'),
('34000000-0000-4000-8000-000000000026', '32000000-0000-4000-8000-000000000035', '15000000-0000-4000-8000-000000000009', 'Cliente dejó candado en recepción; no olvidar entregar.', NOW() - INTERVAL '57 days' - INTERVAL '4 hours' + INTERVAL '28 hours'),
('34000000-0000-4000-8000-000000000027', '32000000-0000-4000-8000-000000000037', '15000000-0000-4000-8000-000000000003', 'Revisar garantía de componente antes de cobrar.', NOW() - INTERVAL '3 days' - INTERVAL '0 hours' + INTERVAL '32 hours'),
('34000000-0000-4000-8000-000000000028', '32000000-0000-4000-8000-000000000037', '15000000-0000-4000-8000-000000000003', 'Revisar garantía de componente antes de cobrar.', NOW() - INTERVAL '3 days' - INTERVAL '0 hours' + INTERVAL '24 hours'),
('34000000-0000-4000-8000-000000000029', '32000000-0000-4000-8000-000000000044', '15000000-0000-4000-8000-000000000002', 'Revisar garantía de componente antes de cobrar.', NOW() - INTERVAL '38 days' - INTERVAL '8 hours' + INTERVAL '47 hours'),
('34000000-0000-4000-8000-000000000030', '32000000-0000-4000-8000-000000000044', '15000000-0000-4000-8000-000000000009', 'Repuesto solicitado a proveedor; ETA 3 días.', NOW() - INTERVAL '38 days' - INTERVAL '8 hours' + INTERVAL '16 hours'),
('34000000-0000-4000-8000-000000000031', '32000000-0000-4000-8000-000000000046', '15000000-0000-4000-8000-000000000004', 'Bicicleta requiere limpieza profunda antes de entrega.', NOW() - INTERVAL '28 days' - INTERVAL '2 hours' + INTERVAL '37 hours'),
('34000000-0000-4000-8000-000000000032', '32000000-0000-4000-8000-000000000046', '15000000-0000-4000-8000-000000000002', 'Repuesto solicitado a proveedor; ETA 3 días.', NOW() - INTERVAL '28 days' - INTERVAL '2 hours' + INTERVAL '2 hours'),
('34000000-0000-4000-8000-000000000033', '32000000-0000-4000-8000-000000000048', '15000000-0000-4000-8000-000000000004', 'Repuesto solicitado a proveedor; ETA 3 días.', NOW() - INTERVAL '26 days' - INTERVAL '17 hours' + INTERVAL '17 hours'),
('34000000-0000-4000-8000-000000000034', '32000000-0000-4000-8000-000000000048', '15000000-0000-4000-8000-000000000009', 'Cliente prefiere recoger después de las 18:00.', NOW() - INTERVAL '26 days' - INTERVAL '17 hours' + INTERVAL '39 hours'),
('34000000-0000-4000-8000-000000000035', '32000000-0000-4000-8000-000000000050', '15000000-0000-4000-8000-000000000004', 'Cliente autoriza diagnostico, pero pide aprobar presupuesto por mensaje.', NOW() - INTERVAL '52 days' - INTERVAL '6 hours' + INTERVAL '16 hours');

INSERT INTO orden_servicios (id, orden_id, servicio_id, precio_base_snapshot, precio_aplicado, descuento_aplicado, notas, created_at)
VALUES
('35000000-0000-4000-8000-000000000005', '32000000-0000-4000-8000-000000000005', '21000000-0000-4000-8000-000000000004', 0, 0.00, 0.00, 'Servicio aplicado.', NOW() - INTERVAL '49 days' - INTERVAL '5 hours'),
('35000000-0000-4000-8000-000000000006', '32000000-0000-4000-8000-000000000005', '21000000-0000-4000-8000-000000000001', 40900, 40900.00, 0.00, 'Servicio aplicado.', NOW() - INTERVAL '49 days' - INTERVAL '5 hours'),
('35000000-0000-4000-8000-000000000007', '32000000-0000-4000-8000-000000000006', '21000000-0000-4000-8000-000000000003', 15900, 13105.00, 795.00, 'Servicio aplicado.', NOW() - INTERVAL '6 days' - INTERVAL '12 hours'),
('35000000-0000-4000-8000-000000000008', '32000000-0000-4000-8000-000000000007', '21000000-0000-4000-8000-000000000004', 0, 0.00, 0.00, 'Servicio aplicado.', NOW() - INTERVAL '60 days' - INTERVAL '12 hours'),
('35000000-0000-4000-8000-000000000009', '32000000-0000-4000-8000-000000000008', '21000000-0000-4000-8000-000000000003', 15900, 10105.00, 795.00, 'Servicio aplicado.', NOW() - INTERVAL '46 days' - INTERVAL '2 hours'),
('35000000-0000-4000-8000-000000000010', '32000000-0000-4000-8000-000000000009', '21000000-0000-4000-8000-000000000004', 0, 0.00, 0.00, 'Servicio aplicado.', NOW() - INTERVAL '25 days' - INTERVAL '8 hours'),
('35000000-0000-4000-8000-000000000011', '32000000-0000-4000-8000-000000000009', '21000000-0000-4000-8000-000000000003', 15900, 15105.00, 795.00, 'Servicio aplicado.', NOW() - INTERVAL '25 days' - INTERVAL '8 hours'),
('35000000-0000-4000-8000-000000000012', '32000000-0000-4000-8000-000000000010', '21000000-0000-4000-8000-000000000003', 15900, 14400.00, 0.00, 'Servicio aplicado.', NOW() - INTERVAL '45 days' - INTERVAL '21 hours'),
('35000000-0000-4000-8000-000000000013', '32000000-0000-4000-8000-000000000010', '21000000-0000-4000-8000-000000000003', 15900, 14400.00, 0.00, 'Servicio aplicado.', NOW() - INTERVAL '45 days' - INTERVAL '21 hours'),
('35000000-0000-4000-8000-000000000014', '32000000-0000-4000-8000-000000000011', '21000000-0000-4000-8000-000000000003', 15900, 15900.00, 0.00, 'Servicio aplicado.', NOW() - INTERVAL '30 days' - INTERVAL '12 hours'),
('35000000-0000-4000-8000-000000000015', '32000000-0000-4000-8000-000000000011', '21000000-0000-4000-8000-000000000003', 15900, 15900.00, 0.00, 'Servicio aplicado.', NOW() - INTERVAL '30 days' - INTERVAL '12 hours'),
('35000000-0000-4000-8000-000000000016', '32000000-0000-4000-8000-000000000012', '21000000-0000-4000-8000-000000000002', 25900, 25900.00, 0.00, 'Servicio aplicado.', NOW() - INTERVAL '53 days' - INTERVAL '1 hours'),
('35000000-0000-4000-8000-000000000017', '32000000-0000-4000-8000-000000000012', '21000000-0000-4000-8000-000000000001', 40900, 40900.00, 0.00, 'Servicio aplicado.', NOW() - INTERVAL '53 days' - INTERVAL '1 hours'),
('35000000-0000-4000-8000-000000000018', '32000000-0000-4000-8000-000000000013', '21000000-0000-4000-8000-000000000003', 15900, 15900.00, 0.00, 'Servicio aplicado.', NOW() - INTERVAL '57 days' - INTERVAL '20 hours'),
('35000000-0000-4000-8000-000000000019', '32000000-0000-4000-8000-000000000014', '21000000-0000-4000-8000-000000000002', 25900, 25900.00, 0.00, 'Servicio aplicado.', NOW() - INTERVAL '24 days' - INTERVAL '7 hours'),
('35000000-0000-4000-8000-000000000020', '32000000-0000-4000-8000-000000000015', '21000000-0000-4000-8000-000000000002', 25900, 21015.00, 3885.00, 'Servicio aplicado.', NOW() - INTERVAL '39 days' - INTERVAL '2 hours'),
('35000000-0000-4000-8000-000000000021', '32000000-0000-4000-8000-000000000016', '21000000-0000-4000-8000-000000000003', 15900, 15400.00, 0.00, 'Servicio aplicado.', NOW() - INTERVAL '50 days' - INTERVAL '20 hours'),
('35000000-0000-4000-8000-000000000022', '32000000-0000-4000-8000-000000000016', '21000000-0000-4000-8000-000000000003', 15900, 15400.00, 0.00, 'Servicio aplicado.', NOW() - INTERVAL '50 days' - INTERVAL '20 hours'),
('35000000-0000-4000-8000-000000000023', '32000000-0000-4000-8000-000000000017', '21000000-0000-4000-8000-000000000002', 25900, 23900.00, 0.00, 'Servicio aplicado.', NOW() - INTERVAL '33 days' - INTERVAL '3 hours'),
('35000000-0000-4000-8000-000000000024', '32000000-0000-4000-8000-000000000018', '21000000-0000-4000-8000-000000000002', 25900, 25900.00, 0.00, 'Servicio aplicado.', NOW() - INTERVAL '32 days' - INTERVAL '0 hours'),
('35000000-0000-4000-8000-000000000025', '32000000-0000-4000-8000-000000000018', '21000000-0000-4000-8000-000000000003', 15900, 15900.00, 0.00, 'Servicio aplicado.', NOW() - INTERVAL '32 days' - INTERVAL '0 hours'),
('35000000-0000-4000-8000-000000000026', '32000000-0000-4000-8000-000000000019', '21000000-0000-4000-8000-000000000003', 15900, 15900.00, 0.00, 'Servicio aplicado.', NOW() - INTERVAL '53 days' - INTERVAL '2 hours'),
('35000000-0000-4000-8000-000000000027', '32000000-0000-4000-8000-000000000020', '21000000-0000-4000-8000-000000000002', 25900, 21605.00, 1295.00, 'Servicio aplicado.', NOW() - INTERVAL '14 days' - INTERVAL '17 hours'),
('35000000-0000-4000-8000-000000000028', '32000000-0000-4000-8000-000000000021', '21000000-0000-4000-8000-000000000001', 40900, 40900.00, 0.00, 'Servicio aplicado.', NOW() - INTERVAL '58 days' - INTERVAL '16 hours'),
('35000000-0000-4000-8000-000000000029', '32000000-0000-4000-8000-000000000021', '21000000-0000-4000-8000-000000000001', 40900, 40900.00, 0.00, 'Servicio aplicado.', NOW() - INTERVAL '58 days' - INTERVAL '16 hours'),
('35000000-0000-4000-8000-000000000030', '32000000-0000-4000-8000-000000000022', '21000000-0000-4000-8000-000000000002', 25900, 25900.00, 0.00, 'Servicio aplicado.', NOW() - INTERVAL '1 days' - INTERVAL '2 hours'),
('35000000-0000-4000-8000-000000000031', '32000000-0000-4000-8000-000000000022', '21000000-0000-4000-8000-000000000004', 0, 0.00, 0.00, 'Servicio aplicado.', NOW() - INTERVAL '1 days' - INTERVAL '2 hours'),
('35000000-0000-4000-8000-000000000032', '32000000-0000-4000-8000-000000000023', '21000000-0000-4000-8000-000000000001', 40900, 31765.00, 6135.00, 'Servicio aplicado.', NOW() - INTERVAL '43 days' - INTERVAL '15 hours'),
('35000000-0000-4000-8000-000000000033', '32000000-0000-4000-8000-000000000024', '21000000-0000-4000-8000-000000000004', 0, 0.00, 0.00, 'Servicio aplicado.', NOW() - INTERVAL '7 days' - INTERVAL '3 hours'),
('35000000-0000-4000-8000-000000000034', '32000000-0000-4000-8000-000000000024', '21000000-0000-4000-8000-000000000004', 0, 0.00, 0.00, 'Servicio aplicado.', NOW() - INTERVAL '7 days' - INTERVAL '3 hours'),
('35000000-0000-4000-8000-000000000035', '32000000-0000-4000-8000-000000000025', '21000000-0000-4000-8000-000000000003', 15900, 15900.00, 0.00, 'Servicio aplicado.', NOW() - INTERVAL '26 days' - INTERVAL '23 hours'),
('35000000-0000-4000-8000-000000000036', '32000000-0000-4000-8000-000000000025', '21000000-0000-4000-8000-000000000002', 25900, 25900.00, 0.00, 'Servicio aplicado.', NOW() - INTERVAL '26 days' - INTERVAL '23 hours'),
('35000000-0000-4000-8000-000000000037', '32000000-0000-4000-8000-000000000026', '21000000-0000-4000-8000-000000000003', 15900, 15900.00, 0.00, 'Servicio aplicado.', NOW() - INTERVAL '30 days' - INTERVAL '7 hours'),
('35000000-0000-4000-8000-000000000038', '32000000-0000-4000-8000-000000000027', '21000000-0000-4000-8000-000000000001', 40900, 36810.00, 4090.00, 'Servicio aplicado.', NOW() - INTERVAL '32 days' - INTERVAL '15 hours'),
('35000000-0000-4000-8000-000000000039', '32000000-0000-4000-8000-000000000027', '21000000-0000-4000-8000-000000000001', 40900, 36810.00, 4090.00, 'Servicio aplicado.', NOW() - INTERVAL '32 days' - INTERVAL '15 hours'),
('35000000-0000-4000-8000-000000000040', '32000000-0000-4000-8000-000000000028', '21000000-0000-4000-8000-000000000004', 0, 0.00, 0.00, 'Servicio aplicado.', NOW() - INTERVAL '28 days' - INTERVAL '22 hours'),
('35000000-0000-4000-8000-000000000041', '32000000-0000-4000-8000-000000000028', '21000000-0000-4000-8000-000000000001', 40900, 40900.00, 0.00, 'Servicio aplicado.', NOW() - INTERVAL '28 days' - INTERVAL '22 hours'),
('35000000-0000-4000-8000-000000000042', '32000000-0000-4000-8000-000000000029', '21000000-0000-4000-8000-000000000002', 25900, 17015.00, 3885.00, 'Servicio aplicado.', NOW() - INTERVAL '4 days' - INTERVAL '1 hours'),
('35000000-0000-4000-8000-000000000043', '32000000-0000-4000-8000-000000000030', '21000000-0000-4000-8000-000000000003', 15900, 14900.00, 0.00, 'Servicio aplicado.', NOW() - INTERVAL '5 days' - INTERVAL '19 hours'),
('35000000-0000-4000-8000-000000000044', '32000000-0000-4000-8000-000000000031', '21000000-0000-4000-8000-000000000002', 25900, 24605.00, 1295.00, 'Servicio aplicado.', NOW() - INTERVAL '27 days' - INTERVAL '21 hours'),
('35000000-0000-4000-8000-000000000045', '32000000-0000-4000-8000-000000000032', '21000000-0000-4000-8000-000000000004', 0, 0.00, 0.00, 'Servicio aplicado.', NOW() - INTERVAL '17 days' - INTERVAL '12 hours'),
('35000000-0000-4000-8000-000000000046', '32000000-0000-4000-8000-000000000033', '21000000-0000-4000-8000-000000000004', 0, 0.00, 0.00, 'Servicio aplicado.', NOW() - INTERVAL '35 days' - INTERVAL '6 hours'),
('35000000-0000-4000-8000-000000000047', '32000000-0000-4000-8000-000000000034', '21000000-0000-4000-8000-000000000004', 0, 0.00, 0.00, 'Servicio aplicado.', NOW() - INTERVAL '54 days' - INTERVAL '17 hours'),
('35000000-0000-4000-8000-000000000048', '32000000-0000-4000-8000-000000000034', '21000000-0000-4000-8000-000000000003', 15900, 13400.00, 0.00, 'Servicio aplicado.', NOW() - INTERVAL '54 days' - INTERVAL '17 hours'),
('35000000-0000-4000-8000-000000000049', '32000000-0000-4000-8000-000000000035', '21000000-0000-4000-8000-000000000003', 15900, 12015.00, 2385.00, 'Servicio aplicado.', NOW() - INTERVAL '57 days' - INTERVAL '4 hours'),
('35000000-0000-4000-8000-000000000050', '32000000-0000-4000-8000-000000000035', '21000000-0000-4000-8000-000000000001', 40900, 33265.00, 6135.00, 'Servicio aplicado.', NOW() - INTERVAL '57 days' - INTERVAL '4 hours'),
('35000000-0000-4000-8000-000000000051', '32000000-0000-4000-8000-000000000036', '21000000-0000-4000-8000-000000000002', 25900, 23605.00, 1295.00, 'Servicio aplicado.', NOW() - INTERVAL '14 days' - INTERVAL '21 hours'),
('35000000-0000-4000-8000-000000000052', '32000000-0000-4000-8000-000000000037', '21000000-0000-4000-8000-000000000003', 15900, 12105.00, 795.00, 'Servicio aplicado.', NOW() - INTERVAL '3 days' - INTERVAL '0 hours'),
('35000000-0000-4000-8000-000000000053', '32000000-0000-4000-8000-000000000038', '21000000-0000-4000-8000-000000000002', 25900, 25900.00, 0.00, 'Servicio aplicado.', NOW() - INTERVAL '8 days' - INTERVAL '2 hours'),
('35000000-0000-4000-8000-000000000054', '32000000-0000-4000-8000-000000000039', '21000000-0000-4000-8000-000000000002', 25900, 25900.00, 0.00, 'Servicio aplicado.', NOW() - INTERVAL '9 days' - INTERVAL '1 hours'),
('35000000-0000-4000-8000-000000000055', '32000000-0000-4000-8000-000000000040', '21000000-0000-4000-8000-000000000002', 25900, 20900.00, 0.00, 'Servicio aplicado.', NOW() - INTERVAL '40 days' - INTERVAL '23 hours'),
('35000000-0000-4000-8000-000000000056', '32000000-0000-4000-8000-000000000041', '21000000-0000-4000-8000-000000000004', 0, 0.00, 0.00, 'Servicio aplicado.', NOW() - INTERVAL '51 days' - INTERVAL '13 hours'),
('35000000-0000-4000-8000-000000000057', '32000000-0000-4000-8000-000000000042', '21000000-0000-4000-8000-000000000004', 0, 0.00, 0.00, 'Servicio aplicado.', NOW() - INTERVAL '13 days' - INTERVAL '14 hours'),
('35000000-0000-4000-8000-000000000058', '32000000-0000-4000-8000-000000000042', '21000000-0000-4000-8000-000000000003', 15900, 15900.00, 0.00, 'Servicio aplicado.', NOW() - INTERVAL '13 days' - INTERVAL '14 hours'),
('35000000-0000-4000-8000-000000000059', '32000000-0000-4000-8000-000000000043', '21000000-0000-4000-8000-000000000002', 25900, 24900.00, 0.00, 'Servicio aplicado.', NOW() - INTERVAL '50 days' - INTERVAL '8 hours'),
('35000000-0000-4000-8000-000000000060', '32000000-0000-4000-8000-000000000044', '21000000-0000-4000-8000-000000000003', 15900, 14605.00, 795.00, 'Servicio aplicado.', NOW() - INTERVAL '38 days' - INTERVAL '8 hours'),
('35000000-0000-4000-8000-000000000061', '32000000-0000-4000-8000-000000000044', '21000000-0000-4000-8000-000000000004', 0, 0.00, 0.00, 'Servicio aplicado.', NOW() - INTERVAL '38 days' - INTERVAL '8 hours'),
('35000000-0000-4000-8000-000000000062', '32000000-0000-4000-8000-000000000045', '21000000-0000-4000-8000-000000000002', 25900, 20310.00, 2590.00, 'Servicio aplicado.', NOW() - INTERVAL '58 days' - INTERVAL '18 hours'),
('35000000-0000-4000-8000-000000000063', '32000000-0000-4000-8000-000000000046', '21000000-0000-4000-8000-000000000002', 25900, 25900.00, 0.00, 'Servicio aplicado.', NOW() - INTERVAL '28 days' - INTERVAL '2 hours'),
('35000000-0000-4000-8000-000000000064', '32000000-0000-4000-8000-000000000046', '21000000-0000-4000-8000-000000000004', 0, 0.00, 0.00, 'Servicio aplicado.', NOW() - INTERVAL '28 days' - INTERVAL '2 hours'),
('35000000-0000-4000-8000-000000000065', '32000000-0000-4000-8000-000000000047', '21000000-0000-4000-8000-000000000002', 25900, 25900.00, 0.00, 'Servicio aplicado.', NOW() - INTERVAL '21 days' - INTERVAL '12 hours'),
('35000000-0000-4000-8000-000000000066', '32000000-0000-4000-8000-000000000048', '21000000-0000-4000-8000-000000000003', 15900, 14310.00, 1590.00, 'Servicio aplicado.', NOW() - INTERVAL '26 days' - INTERVAL '17 hours'),
('35000000-0000-4000-8000-000000000067', '32000000-0000-4000-8000-000000000049', '21000000-0000-4000-8000-000000000001', 40900, 34765.00, 6135.00, 'Servicio aplicado.', NOW() - INTERVAL '33 days' - INTERVAL '15 hours'),
('35000000-0000-4000-8000-000000000068', '32000000-0000-4000-8000-000000000050', '21000000-0000-4000-8000-000000000002', 25900, 23310.00, 2590.00, 'Servicio aplicado.', NOW() - INTERVAL '52 days' - INTERVAL '6 hours'),
('35000000-0000-4000-8000-000000000069', '32000000-0000-4000-8000-000000000051', '21000000-0000-4000-8000-000000000003', 15900, 13400.00, 0.00, 'Servicio aplicado.', NOW() - INTERVAL '32 days' - INTERVAL '12 hours'),
('35000000-0000-4000-8000-000000000070', '32000000-0000-4000-8000-000000000051', '21000000-0000-4000-8000-000000000004', 0, 0.00, 0.00, 'Servicio aplicado.', NOW() - INTERVAL '32 days' - INTERVAL '12 hours'),
('35000000-0000-4000-8000-000000000071', '32000000-0000-4000-8000-000000000052', '21000000-0000-4000-8000-000000000004', 0, 0.00, 0.00, 'Servicio aplicado.', NOW() - INTERVAL '4 days' - INTERVAL '17 hours'),
('35000000-0000-4000-8000-000000000072', '32000000-0000-4000-8000-000000000053', '21000000-0000-4000-8000-000000000004', 0, 0.00, 0.00, 'Servicio aplicado.', NOW() - INTERVAL '40 days' - INTERVAL '23 hours'),
('35000000-0000-4000-8000-000000000073', '32000000-0000-4000-8000-000000000053', '21000000-0000-4000-8000-000000000003', 15900, 15400.00, 0.00, 'Servicio aplicado.', NOW() - INTERVAL '40 days' - INTERVAL '23 hours'),
('35000000-0000-4000-8000-000000000074', '32000000-0000-4000-8000-000000000054', '21000000-0000-4000-8000-000000000004', 0, 0.00, 0.00, 'Servicio aplicado.', NOW() - INTERVAL '50 days' - INTERVAL '16 hours'),
('35000000-0000-4000-8000-000000000075', '32000000-0000-4000-8000-000000000054', '21000000-0000-4000-8000-000000000001', 40900, 36810.00, 4090.00, 'Servicio aplicado.', NOW() - INTERVAL '50 days' - INTERVAL '16 hours');

INSERT INTO orden_productos (id, orden_id, producto_id, cantidad, precio_costo_snapshot, precio_venta_snapshot, precio_aplicado, proporcionado_por_cliente, notas, created_at)
VALUES
('36000000-0000-4000-8000-000000000005', '32000000-0000-4000-8000-000000000009', '24000000-0000-4000-8000-000000000010', 1, 14500, 22900, 21755.00, FALSE, 'Producto aplicado.', NOW() - INTERVAL '25 days' - INTERVAL '8 hours'),
('36000000-0000-4000-8000-000000000006', '32000000-0000-4000-8000-000000000011', '24000000-0000-4000-8000-000000000010', 1, 14500, 22900, 22900.00, FALSE, 'Producto aplicado.', NOW() - INTERVAL '30 days' - INTERVAL '12 hours'),
('36000000-0000-4000-8000-000000000007', '32000000-0000-4000-8000-000000000011', '24000000-0000-4000-8000-000000000001', 1, 14500, 22900, 22900.00, FALSE, 'Producto aplicado.', NOW() - INTERVAL '30 days' - INTERVAL '12 hours'),
('36000000-0000-4000-8000-000000000008', '32000000-0000-4000-8000-000000000013', '24000000-0000-4000-8000-000000000005', 1, 4800, 8900, 8900.00, FALSE, 'Producto aplicado.', NOW() - INTERVAL '57 days' - INTERVAL '20 hours'),
('36000000-0000-4000-8000-000000000009', '32000000-0000-4000-8000-000000000013', '24000000-0000-4000-8000-000000000003', 1, 2800, 5900, 5900.00, FALSE, 'Producto aplicado.', NOW() - INTERVAL '57 days' - INTERVAL '20 hours'),
('36000000-0000-4000-8000-000000000010', '32000000-0000-4000-8000-000000000015', '24000000-0000-4000-8000-000000000002', 1, 5200, 9900, 8415.00, FALSE, 'Producto aplicado.', NOW() - INTERVAL '39 days' - INTERVAL '2 hours'),
('36000000-0000-4000-8000-000000000011', '32000000-0000-4000-8000-000000000015', '24000000-0000-4000-8000-000000000008', 1, 14500, 22900, 19465.00, FALSE, 'Producto aplicado.', NOW() - INTERVAL '39 days' - INTERVAL '2 hours'),
('36000000-0000-4000-8000-000000000012', '32000000-0000-4000-8000-000000000016', '24000000-0000-4000-8000-000000000006', 1, 14500, 22900, 22900.00, FALSE, 'Producto aplicado.', NOW() - INTERVAL '50 days' - INTERVAL '20 hours'),
('36000000-0000-4000-8000-000000000013', '32000000-0000-4000-8000-000000000016', '24000000-0000-4000-8000-000000000002', 1, 5200, 9900, 9900.00, FALSE, 'Producto aplicado.', NOW() - INTERVAL '50 days' - INTERVAL '20 hours'),
('36000000-0000-4000-8000-000000000014', '32000000-0000-4000-8000-000000000018', '24000000-0000-4000-8000-000000000005', 1, 4800, 8900, 8900.00, FALSE, 'Producto aplicado.', NOW() - INTERVAL '32 days' - INTERVAL '0 hours'),
('36000000-0000-4000-8000-000000000015', '32000000-0000-4000-8000-000000000018', '24000000-0000-4000-8000-000000000007', 1, 14500, 22900, 22900.00, FALSE, 'Producto aplicado.', NOW() - INTERVAL '32 days' - INTERVAL '0 hours'),
('36000000-0000-4000-8000-000000000016', '32000000-0000-4000-8000-000000000021', '24000000-0000-4000-8000-000000000005', 1, 4800, 8900, 8900.00, FALSE, 'Producto aplicado.', NOW() - INTERVAL '58 days' - INTERVAL '16 hours'),
('36000000-0000-4000-8000-000000000017', '32000000-0000-4000-8000-000000000021', '24000000-0000-4000-8000-000000000006', 1, 14500, 22900, 22900.00, FALSE, 'Producto aplicado.', NOW() - INTERVAL '58 days' - INTERVAL '16 hours'),
('36000000-0000-4000-8000-000000000018', '32000000-0000-4000-8000-000000000022', '24000000-0000-4000-8000-000000000009', 1, 14500, 22900, 22900.00, FALSE, 'Producto aplicado.', NOW() - INTERVAL '1 days' - INTERVAL '2 hours'),
('36000000-0000-4000-8000-000000000019', '32000000-0000-4000-8000-000000000022', '24000000-0000-4000-8000-000000000001', 1, 14500, 22900, 22900.00, FALSE, 'Producto aplicado.', NOW() - INTERVAL '1 days' - INTERVAL '2 hours'),
('36000000-0000-4000-8000-000000000020', '32000000-0000-4000-8000-000000000025', '24000000-0000-4000-8000-000000000009', 1, 14500, 22900, 22900.00, FALSE, 'Producto aplicado.', NOW() - INTERVAL '26 days' - INTERVAL '23 hours'),
('36000000-0000-4000-8000-000000000021', '32000000-0000-4000-8000-000000000026', '24000000-0000-4000-8000-000000000008', 1, 14500, 22900, 22900.00, FALSE, 'Producto aplicado.', NOW() - INTERVAL '30 days' - INTERVAL '7 hours'),
('36000000-0000-4000-8000-000000000022', '32000000-0000-4000-8000-000000000026', '24000000-0000-4000-8000-000000000001', 1, 14500, 22900, 22900.00, FALSE, 'Producto aplicado.', NOW() - INTERVAL '30 days' - INTERVAL '7 hours'),
('36000000-0000-4000-8000-000000000023', '32000000-0000-4000-8000-000000000027', '24000000-0000-4000-8000-000000000005', 1, 4800, 8900, 8010.00, FALSE, 'Producto aplicado.', NOW() - INTERVAL '32 days' - INTERVAL '15 hours'),
('36000000-0000-4000-8000-000000000024', '32000000-0000-4000-8000-000000000028', '24000000-0000-4000-8000-000000000002', 1, 5200, 9900, 9900.00, FALSE, 'Producto aplicado.', NOW() - INTERVAL '28 days' - INTERVAL '22 hours'),
('36000000-0000-4000-8000-000000000025', '32000000-0000-4000-8000-000000000028', '24000000-0000-4000-8000-000000000001', 1, 14500, 22900, 22900.00, FALSE, 'Producto aplicado.', NOW() - INTERVAL '28 days' - INTERVAL '22 hours'),
('36000000-0000-4000-8000-000000000026', '32000000-0000-4000-8000-000000000031', '24000000-0000-4000-8000-000000000005', 1, 4800, 8900, 8455.00, FALSE, 'Producto aplicado.', NOW() - INTERVAL '27 days' - INTERVAL '21 hours'),
('36000000-0000-4000-8000-000000000027', '32000000-0000-4000-8000-000000000034', '24000000-0000-4000-8000-000000000008', 1, 14500, 22900, 22900.00, FALSE, 'Producto aplicado.', NOW() - INTERVAL '54 days' - INTERVAL '17 hours'),
('36000000-0000-4000-8000-000000000028', '32000000-0000-4000-8000-000000000037', '24000000-0000-4000-8000-000000000009', 1, 14500, 22900, 21755.00, FALSE, 'Producto aplicado.', NOW() - INTERVAL '3 days' - INTERVAL '0 hours'),
('36000000-0000-4000-8000-000000000029', '32000000-0000-4000-8000-000000000037', '24000000-0000-4000-8000-000000000005', 1, 4800, 8900, 8455.00, FALSE, 'Producto aplicado.', NOW() - INTERVAL '3 days' - INTERVAL '0 hours'),
('36000000-0000-4000-8000-000000000030', '32000000-0000-4000-8000-000000000038', '24000000-0000-4000-8000-000000000008', 1, 14500, 22900, 22900.00, FALSE, 'Producto aplicado.', NOW() - INTERVAL '8 days' - INTERVAL '2 hours'),
('36000000-0000-4000-8000-000000000031', '32000000-0000-4000-8000-000000000038', '24000000-0000-4000-8000-000000000004', 1, 1200, 3500, 3500.00, FALSE, 'Producto aplicado.', NOW() - INTERVAL '8 days' - INTERVAL '2 hours'),
('36000000-0000-4000-8000-000000000032', '32000000-0000-4000-8000-000000000039', '24000000-0000-4000-8000-000000000007', 1, 14500, 22900, 22900.00, FALSE, 'Producto aplicado.', NOW() - INTERVAL '9 days' - INTERVAL '1 hours'),
('36000000-0000-4000-8000-000000000033', '32000000-0000-4000-8000-000000000040', '24000000-0000-4000-8000-000000000002', 1, 5200, 9900, 9900.00, FALSE, 'Producto aplicado.', NOW() - INTERVAL '40 days' - INTERVAL '23 hours'),
('36000000-0000-4000-8000-000000000034', '32000000-0000-4000-8000-000000000041', '24000000-0000-4000-8000-000000000006', 1, 14500, 22900, 22900.00, FALSE, 'Producto aplicado.', NOW() - INTERVAL '51 days' - INTERVAL '13 hours'),
('36000000-0000-4000-8000-000000000035', '32000000-0000-4000-8000-000000000041', '24000000-0000-4000-8000-000000000009', 1, 14500, 22900, 22900.00, FALSE, 'Producto aplicado.', NOW() - INTERVAL '51 days' - INTERVAL '13 hours'),
('36000000-0000-4000-8000-000000000036', '32000000-0000-4000-8000-000000000042', '24000000-0000-4000-8000-000000000005', 1, 4800, 8900, 8900.00, FALSE, 'Producto aplicado.', NOW() - INTERVAL '13 days' - INTERVAL '14 hours'),
('36000000-0000-4000-8000-000000000037', '32000000-0000-4000-8000-000000000048', '24000000-0000-4000-8000-000000000006', 1, 14500, 22900, 20610.00, FALSE, 'Producto aplicado.', NOW() - INTERVAL '26 days' - INTERVAL '17 hours'),
('36000000-0000-4000-8000-000000000038', '32000000-0000-4000-8000-000000000048', '24000000-0000-4000-8000-000000000006', 1, 14500, 22900, 20610.00, FALSE, 'Producto aplicado.', NOW() - INTERVAL '26 days' - INTERVAL '17 hours'),
('36000000-0000-4000-8000-000000000039', '32000000-0000-4000-8000-000000000051', '24000000-0000-4000-8000-000000000004', 1, 1200, 3500, 3500.00, FALSE, 'Producto aplicado.', NOW() - INTERVAL '32 days' - INTERVAL '12 hours'),
('36000000-0000-4000-8000-000000000040', '32000000-0000-4000-8000-000000000051', '24000000-0000-4000-8000-000000000004', 1, 1200, 3500, 3500.00, FALSE, 'Producto aplicado.', NOW() - INTERVAL '32 days' - INTERVAL '12 hours'),
('36000000-0000-4000-8000-000000000041', '32000000-0000-4000-8000-000000000053', '24000000-0000-4000-8000-000000000001', 1, 14500, 22900, 22900.00, FALSE, 'Producto aplicado.', NOW() - INTERVAL '40 days' - INTERVAL '23 hours'),
('36000000-0000-4000-8000-000000000042', '32000000-0000-4000-8000-000000000053', '24000000-0000-4000-8000-000000000006', 1, 14500, 22900, 22900.00, FALSE, 'Producto aplicado.', NOW() - INTERVAL '40 days' - INTERVAL '23 hours');

INSERT INTO multimedia (id, orden_id, usuario_id, url, tipo_archivo, etapa, descripcion, created_at)
VALUES
('42000000-0000-4000-8000-000000000004', '32000000-0000-4000-8000-000000000012', '15000000-0000-4000-8000-000000000009', 'https://cdn.veloservice.cl/ordenes/OT-00012/doc-68.pdf', 'documento', 'ingreso', 'Ingreso de orden OT-00012.', NOW() - INTERVAL '53 days' - INTERVAL '1 hours'),
('42000000-0000-4000-8000-000000000005', '32000000-0000-4000-8000-000000000012', '15000000-0000-4000-8000-000000000003', 'https://cdn.veloservice.cl/ordenes/OT-00012/ingreso-53.jpg', 'imagen', 'ingreso', 'Ingreso de orden OT-00012.', NOW() - INTERVAL '53 days' - INTERVAL '1 hours'),
('42000000-0000-4000-8000-000000000006', '32000000-0000-4000-8000-000000000013', '15000000-0000-4000-8000-000000000009', 'https://cdn.veloservice.cl/ordenes/OT-00013/doc-11.pdf', 'documento', 'reparacion', 'Reparacion de orden OT-00013.', NOW() - INTERVAL '57 days' - INTERVAL '20 hours'),
('42000000-0000-4000-8000-000000000007', '32000000-0000-4000-8000-000000000013', '15000000-0000-4000-8000-000000000009', 'https://cdn.veloservice.cl/ordenes/OT-00013/doc-92.pdf', 'documento', 'entrega', 'Entrega de orden OT-00013.', NOW() - INTERVAL '57 days' - INTERVAL '20 hours'),
('42000000-0000-4000-8000-000000000008', '32000000-0000-4000-8000-000000000015', '15000000-0000-4000-8000-000000000003', 'https://cdn.veloservice.cl/ordenes/OT-00015/doc-96.pdf', 'documento', 'diagnostico', 'Diagnostico de orden OT-00015.', NOW() - INTERVAL '39 days' - INTERVAL '2 hours'),
('42000000-0000-4000-8000-000000000009', '32000000-0000-4000-8000-000000000017', '15000000-0000-4000-8000-000000000009', 'https://cdn.veloservice.cl/ordenes/OT-00017/entrega-89.jpg', 'imagen', 'entrega', 'Entrega de orden OT-00017.', NOW() - INTERVAL '33 days' - INTERVAL '3 hours'),
('42000000-0000-4000-8000-000000000010', '32000000-0000-4000-8000-000000000019', '15000000-0000-4000-8000-000000000003', 'https://cdn.veloservice.cl/ordenes/OT-00019/doc-56.pdf', 'documento', 'reparacion', 'Reparacion de orden OT-00019.', NOW() - INTERVAL '53 days' - INTERVAL '2 hours'),
('42000000-0000-4000-8000-000000000011', '32000000-0000-4000-8000-000000000020', '15000000-0000-4000-8000-000000000003', 'https://cdn.veloservice.cl/ordenes/OT-00020/diagnostico-23.jpg', 'imagen', 'diagnostico', 'Diagnostico de orden OT-00020.', NOW() - INTERVAL '14 days' - INTERVAL '17 hours'),
('42000000-0000-4000-8000-000000000012', '32000000-0000-4000-8000-000000000020', '15000000-0000-4000-8000-000000000003', 'https://cdn.veloservice.cl/ordenes/OT-00020/entrega-64.jpg', 'imagen', 'entrega', 'Entrega de orden OT-00020.', NOW() - INTERVAL '14 days' - INTERVAL '17 hours'),
('42000000-0000-4000-8000-000000000013', '32000000-0000-4000-8000-000000000021', '15000000-0000-4000-8000-000000000009', 'https://cdn.veloservice.cl/ordenes/OT-00021/doc-2.pdf', 'documento', 'entrega', 'Entrega de orden OT-00021.', NOW() - INTERVAL '58 days' - INTERVAL '16 hours'),
('42000000-0000-4000-8000-000000000014', '32000000-0000-4000-8000-000000000021', '15000000-0000-4000-8000-000000000009', 'https://cdn.veloservice.cl/ordenes/OT-00021/reparacion-10.jpg', 'imagen', 'reparacion', 'Reparacion de orden OT-00021.', NOW() - INTERVAL '58 days' - INTERVAL '16 hours'),
('42000000-0000-4000-8000-000000000015', '32000000-0000-4000-8000-000000000024', '15000000-0000-4000-8000-000000000009', 'https://cdn.veloservice.cl/ordenes/OT-00024/doc-26.pdf', 'documento', 'reparacion', 'Reparacion de orden OT-00024.', NOW() - INTERVAL '7 days' - INTERVAL '3 hours'),
('42000000-0000-4000-8000-000000000016', '32000000-0000-4000-8000-000000000024', '15000000-0000-4000-8000-000000000009', 'https://cdn.veloservice.cl/ordenes/OT-00024/entrega-31.jpg', 'imagen', 'entrega', 'Entrega de orden OT-00024.', NOW() - INTERVAL '7 days' - INTERVAL '3 hours'),
('42000000-0000-4000-8000-000000000017', '32000000-0000-4000-8000-000000000028', '15000000-0000-4000-8000-000000000003', 'https://cdn.veloservice.cl/ordenes/OT-00028/reparacion-73.jpg', 'imagen', 'reparacion', 'Reparacion de orden OT-00028.', NOW() - INTERVAL '28 days' - INTERVAL '22 hours'),
('42000000-0000-4000-8000-000000000018', '32000000-0000-4000-8000-000000000028', '15000000-0000-4000-8000-000000000009', 'https://cdn.veloservice.cl/ordenes/OT-00028/doc-78.pdf', 'documento', 'entrega', 'Entrega de orden OT-00028.', NOW() - INTERVAL '28 days' - INTERVAL '22 hours'),
('42000000-0000-4000-8000-000000000019', '32000000-0000-4000-8000-000000000029', '15000000-0000-4000-8000-000000000003', 'https://cdn.veloservice.cl/ordenes/OT-00029/reparacion-81.jpg', 'imagen', 'reparacion', 'Reparacion de orden OT-00029.', NOW() - INTERVAL '4 days' - INTERVAL '1 hours'),
('42000000-0000-4000-8000-000000000020', '32000000-0000-4000-8000-000000000036', '15000000-0000-4000-8000-000000000003', 'https://cdn.veloservice.cl/ordenes/OT-00036/doc-26.pdf', 'documento', 'reparacion', 'Reparacion de orden OT-00036.', NOW() - INTERVAL '14 days' - INTERVAL '21 hours'),
('42000000-0000-4000-8000-000000000021', '32000000-0000-4000-8000-000000000036', '15000000-0000-4000-8000-000000000009', 'https://cdn.veloservice.cl/ordenes/OT-00036/doc-33.pdf', 'documento', 'reparacion', 'Reparacion de orden OT-00036.', NOW() - INTERVAL '14 days' - INTERVAL '21 hours'),
('42000000-0000-4000-8000-000000000022', '32000000-0000-4000-8000-000000000038', '15000000-0000-4000-8000-000000000003', 'https://cdn.veloservice.cl/ordenes/OT-00038/doc-19.pdf', 'documento', 'ingreso', 'Ingreso de orden OT-00038.', NOW() - INTERVAL '8 days' - INTERVAL '2 hours'),
('42000000-0000-4000-8000-000000000023', '32000000-0000-4000-8000-000000000038', '15000000-0000-4000-8000-000000000003', 'https://cdn.veloservice.cl/ordenes/OT-00038/doc-51.pdf', 'documento', 'entrega', 'Entrega de orden OT-00038.', NOW() - INTERVAL '8 days' - INTERVAL '2 hours'),
('42000000-0000-4000-8000-000000000024', '32000000-0000-4000-8000-000000000039', '15000000-0000-4000-8000-000000000009', 'https://cdn.veloservice.cl/ordenes/OT-00039/doc-96.pdf', 'documento', 'entrega', 'Entrega de orden OT-00039.', NOW() - INTERVAL '9 days' - INTERVAL '1 hours'),
('42000000-0000-4000-8000-000000000025', '32000000-0000-4000-8000-000000000043', '15000000-0000-4000-8000-000000000009', 'https://cdn.veloservice.cl/ordenes/OT-00043/entrega-80.jpg', 'imagen', 'entrega', 'Entrega de orden OT-00043.', NOW() - INTERVAL '50 days' - INTERVAL '8 hours'),
('42000000-0000-4000-8000-000000000026', '32000000-0000-4000-8000-000000000045', '15000000-0000-4000-8000-000000000003', 'https://cdn.veloservice.cl/ordenes/OT-00045/doc-53.pdf', 'documento', 'entrega', 'Entrega de orden OT-00045.', NOW() - INTERVAL '58 days' - INTERVAL '18 hours'),
('42000000-0000-4000-8000-000000000027', '32000000-0000-4000-8000-000000000046', '15000000-0000-4000-8000-000000000003', 'https://cdn.veloservice.cl/ordenes/OT-00046/doc-13.pdf', 'documento', 'reparacion', 'Reparacion de orden OT-00046.', NOW() - INTERVAL '28 days' - INTERVAL '2 hours'),
('42000000-0000-4000-8000-000000000028', '32000000-0000-4000-8000-000000000048', '15000000-0000-4000-8000-000000000003', 'https://cdn.veloservice.cl/ordenes/OT-00048/doc-96.pdf', 'documento', 'reparacion', 'Reparacion de orden OT-00048.', NOW() - INTERVAL '26 days' - INTERVAL '17 hours'),
('42000000-0000-4000-8000-000000000029', '32000000-0000-4000-8000-000000000048', '15000000-0000-4000-8000-000000000009', 'https://cdn.veloservice.cl/ordenes/OT-00048/entrega-63.jpg', 'imagen', 'entrega', 'Entrega de orden OT-00048.', NOW() - INTERVAL '26 days' - INTERVAL '17 hours'),
('42000000-0000-4000-8000-000000000030', '32000000-0000-4000-8000-000000000050', '15000000-0000-4000-8000-000000000009', 'https://cdn.veloservice.cl/ordenes/OT-00050/doc-31.pdf', 'documento', 'diagnostico', 'Diagnostico de orden OT-00050.', NOW() - INTERVAL '52 days' - INTERVAL '6 hours'),
('42000000-0000-4000-8000-000000000031', '32000000-0000-4000-8000-000000000050', '15000000-0000-4000-8000-000000000009', 'https://cdn.veloservice.cl/ordenes/OT-00050/doc-83.pdf', 'documento', 'ingreso', 'Ingreso de orden OT-00050.', NOW() - INTERVAL '52 days' - INTERVAL '6 hours'),
('42000000-0000-4000-8000-000000000032', '32000000-0000-4000-8000-000000000051', '15000000-0000-4000-8000-000000000003', 'https://cdn.veloservice.cl/ordenes/OT-00051/diagnostico-59.jpg', 'imagen', 'diagnostico', 'Diagnostico de orden OT-00051.', NOW() - INTERVAL '32 days' - INTERVAL '12 hours'),
('42000000-0000-4000-8000-000000000033', '32000000-0000-4000-8000-000000000051', '15000000-0000-4000-8000-000000000009', 'https://cdn.veloservice.cl/ordenes/OT-00051/diagnostico-7.jpg', 'imagen', 'diagnostico', 'Diagnostico de orden OT-00051.', NOW() - INTERVAL '32 days' - INTERVAL '12 hours'),
('42000000-0000-4000-8000-000000000034', '32000000-0000-4000-8000-000000000052', '15000000-0000-4000-8000-000000000003', 'https://cdn.veloservice.cl/ordenes/OT-00052/diagnostico-98.jpg', 'imagen', 'diagnostico', 'Diagnostico de orden OT-00052.', NOW() - INTERVAL '4 days' - INTERVAL '17 hours');

INSERT INTO notificaciones (id, orden_id, canal, tipo, mensaje, estado, intentos, programada_para, enviada_at, created_at)
VALUES
('43000000-0000-4000-8000-000000000004', '32000000-0000-4000-8000-000000000005', 'email', 'actualizacion_estado', 'Tu bicicleta cambió de estado. Te avisaremos cuando esté lista.', 'pendiente', 1, NOW() - INTERVAL '49 days' - INTERVAL '5 hours', NULL, NOW() - INTERVAL '49 days' - INTERVAL '5 hours'),
('43000000-0000-4000-8000-000000000005', '32000000-0000-4000-8000-000000000007', 'email', 'factura', 'Tu documento de venta fue emitido. Puedes descargarlo desde el portal.', 'enviada', 1, NOW() - INTERVAL '60 days' - INTERVAL '12 hours', NOW() - INTERVAL '60 days' - INTERVAL '12 hours' + INTERVAL '2 hours', NOW() - INTERVAL '60 days' - INTERVAL '12 hours'),
('43000000-0000-4000-8000-000000000006', '32000000-0000-4000-8000-000000000008', 'email', 'listo_para_entrega', 'Tu bicicleta está lista para retiro. Horario: 9:00 a 18:00.', 'enviada', 1, NOW() - INTERVAL '46 days' - INTERVAL '2 hours', NOW() - INTERVAL '46 days' - INTERVAL '2 hours' + INTERVAL '2 hours', NOW() - INTERVAL '46 days' - INTERVAL '2 hours'),
('43000000-0000-4000-8000-000000000007', '32000000-0000-4000-8000-000000000009', 'email', 'factura', 'Tu documento de venta fue emitido. Puedes descargarlo desde el portal.', 'enviada', 1, NOW() - INTERVAL '25 days' - INTERVAL '8 hours', NOW() - INTERVAL '25 days' - INTERVAL '8 hours' + INTERVAL '2 hours', NOW() - INTERVAL '25 days' - INTERVAL '8 hours'),
('43000000-0000-4000-8000-000000000008', '32000000-0000-4000-8000-000000000010', 'email', 'listo_para_entrega', 'Tu bicicleta está lista para retiro. Horario: 9:00 a 18:00.', 'pendiente', 1, NOW() - INTERVAL '45 days' - INTERVAL '21 hours', NULL, NOW() - INTERVAL '45 days' - INTERVAL '21 hours'),
('43000000-0000-4000-8000-000000000009', '32000000-0000-4000-8000-000000000016', 'email', 'actualizacion_estado', 'Tu bicicleta cambió de estado. Te avisaremos cuando esté lista.', 'pendiente', 1, NOW() - INTERVAL '50 days' - INTERVAL '20 hours', NULL, NOW() - INTERVAL '50 days' - INTERVAL '20 hours'),
('43000000-0000-4000-8000-000000000010', '32000000-0000-4000-8000-000000000019', 'whatsapp', 'confirmacion', 'Orden recibida. Te contactaremos cuando el diagnóstico esté listo.', 'pendiente', 1, NOW() - INTERVAL '53 days' - INTERVAL '2 hours', NULL, NOW() - INTERVAL '53 days' - INTERVAL '2 hours'),
('43000000-0000-4000-8000-000000000011', '32000000-0000-4000-8000-000000000023', 'email', 'factura', 'Tu documento de venta fue emitido. Puedes descargarlo desde el portal.', 'enviada', 1, NOW() - INTERVAL '43 days' - INTERVAL '15 hours', NOW() - INTERVAL '43 days' - INTERVAL '15 hours' + INTERVAL '2 hours', NOW() - INTERVAL '43 days' - INTERVAL '15 hours'),
('43000000-0000-4000-8000-000000000012', '32000000-0000-4000-8000-000000000024', 'whatsapp', 'factura', 'Tu documento de venta fue emitido. Puedes descargarlo desde el portal.', 'pendiente', 1, NOW() - INTERVAL '7 days' - INTERVAL '3 hours', NULL, NOW() - INTERVAL '7 days' - INTERVAL '3 hours'),
('43000000-0000-4000-8000-000000000013', '32000000-0000-4000-8000-000000000029', 'email', 'listo_para_entrega', 'Tu bicicleta está lista para retiro. Horario: 9:00 a 18:00.', 'pendiente', 1, NOW() - INTERVAL '4 days' - INTERVAL '1 hours', NULL, NOW() - INTERVAL '4 days' - INTERVAL '1 hours'),
('43000000-0000-4000-8000-000000000014', '32000000-0000-4000-8000-000000000031', 'whatsapp', 'confirmacion', 'Orden recibida. Te contactaremos cuando el diagnóstico esté listo.', 'pendiente', 1, NOW() - INTERVAL '27 days' - INTERVAL '21 hours', NULL, NOW() - INTERVAL '27 days' - INTERVAL '21 hours'),
('43000000-0000-4000-8000-000000000015', '32000000-0000-4000-8000-000000000033', 'whatsapp', 'factura', 'Tu documento de venta fue emitido. Puedes descargarlo desde el portal.', 'pendiente', 1, NOW() - INTERVAL '35 days' - INTERVAL '6 hours', NULL, NOW() - INTERVAL '35 days' - INTERVAL '6 hours'),
('43000000-0000-4000-8000-000000000016', '32000000-0000-4000-8000-000000000034', 'email', 'confirmacion', 'Orden recibida. Te contactaremos cuando el diagnóstico esté listo.', 'enviada', 1, NOW() - INTERVAL '54 days' - INTERVAL '17 hours', NOW() - INTERVAL '54 days' - INTERVAL '17 hours' + INTERVAL '2 hours', NOW() - INTERVAL '54 days' - INTERVAL '17 hours'),
('43000000-0000-4000-8000-000000000017', '32000000-0000-4000-8000-000000000035', 'email', 'actualizacion_estado', 'Tu bicicleta cambió de estado. Te avisaremos cuando esté lista.', 'pendiente', 1, NOW() - INTERVAL '57 days' - INTERVAL '4 hours', NULL, NOW() - INTERVAL '57 days' - INTERVAL '4 hours'),
('43000000-0000-4000-8000-000000000018', '32000000-0000-4000-8000-000000000036', 'whatsapp', 'listo_para_entrega', 'Tu bicicleta está lista para retiro. Horario: 9:00 a 18:00.', 'enviada', 1, NOW() - INTERVAL '14 days' - INTERVAL '21 hours', NOW() - INTERVAL '14 days' - INTERVAL '21 hours' + INTERVAL '2 hours', NOW() - INTERVAL '14 days' - INTERVAL '21 hours'),
('43000000-0000-4000-8000-000000000019', '32000000-0000-4000-8000-000000000039', 'email', 'confirmacion', 'Orden recibida. Te contactaremos cuando el diagnóstico esté listo.', 'pendiente', 1, NOW() - INTERVAL '9 days' - INTERVAL '1 hours', NULL, NOW() - INTERVAL '9 days' - INTERVAL '1 hours'),
('43000000-0000-4000-8000-000000000020', '32000000-0000-4000-8000-000000000044', 'whatsapp', 'factura', 'Tu documento de venta fue emitido. Puedes descargarlo desde el portal.', 'pendiente', 1, NOW() - INTERVAL '38 days' - INTERVAL '8 hours', NULL, NOW() - INTERVAL '38 days' - INTERVAL '8 hours'),
('43000000-0000-4000-8000-000000000021', '32000000-0000-4000-8000-000000000045', 'email', 'listo_para_entrega', 'Tu bicicleta está lista para retiro. Horario: 9:00 a 18:00.', 'pendiente', 1, NOW() - INTERVAL '58 days' - INTERVAL '18 hours', NULL, NOW() - INTERVAL '58 days' - INTERVAL '18 hours'),
('43000000-0000-4000-8000-000000000022', '32000000-0000-4000-8000-000000000046', 'email', 'factura', 'Tu documento de venta fue emitido. Puedes descargarlo desde el portal.', 'pendiente', 1, NOW() - INTERVAL '28 days' - INTERVAL '2 hours', NULL, NOW() - INTERVAL '28 days' - INTERVAL '2 hours'),
('43000000-0000-4000-8000-000000000023', '32000000-0000-4000-8000-000000000047', 'whatsapp', 'listo_para_entrega', 'Tu bicicleta está lista para retiro. Horario: 9:00 a 18:00.', 'pendiente', 1, NOW() - INTERVAL '21 days' - INTERVAL '12 hours', NULL, NOW() - INTERVAL '21 days' - INTERVAL '12 hours'),
('43000000-0000-4000-8000-000000000024', '32000000-0000-4000-8000-000000000053', 'whatsapp', 'actualizacion_estado', 'Tu bicicleta cambió de estado. Te avisaremos cuando esté lista.', 'enviada', 1, NOW() - INTERVAL '40 days' - INTERVAL '23 hours', NOW() - INTERVAL '40 days' - INTERVAL '23 hours' + INTERVAL '2 hours', NOW() - INTERVAL '40 days' - INTERVAL '23 hours'),
('43000000-0000-4000-8000-000000000025', '32000000-0000-4000-8000-000000000054', 'whatsapp', 'factura', 'Tu documento de venta fue emitido. Puedes descargarlo desde el portal.', 'pendiente', 1, NOW() - INTERVAL '50 days' - INTERVAL '16 hours', NULL, NOW() - INTERVAL '50 days' - INTERVAL '16 hours');

INSERT INTO cobros (id, orden_id, usuario_id, tipo_documento, numero_documento, subtotal_servicios, subtotal_productos, descuento_membresia, descuento_manual, neto, iva, total, metodo_pago, estado, folio_sii, estado_sii, fecha_pago, anulada_at, motivo_anulacion, created_at)
VALUES
('44000000-0000-4000-8000-000000000002', '32000000-0000-4000-8000-000000000010', '15000000-0000-4000-8000-000000000004', 'boleta', 'B-000147', 24900, 0, 0.00, 3000, 21900.00, 4161.00, 26061.00, 'transferencia', 'pagado', '756423', 'aceptado', NOW() - INTERVAL '45 days' - INTERVAL '21 hours' + INTERVAL '3 days', NULL, NULL, NOW() - INTERVAL '45 days' - INTERVAL '21 hours' + INTERVAL '3 days'),
('44000000-0000-4000-8000-000000000003', '32000000-0000-4000-8000-000000000011', '15000000-0000-4000-8000-000000000004', 'boleta', 'B-000148', 15900, 0, 0.00, 0, 15900.00, 3021.00, 18921.00, 'debito', 'pagado', '756424', 'aceptado', NOW() - INTERVAL '30 days' - INTERVAL '12 hours' + INTERVAL '3 days', NULL, NULL, NOW() - INTERVAL '30 days' - INTERVAL '12 hours' + INTERVAL '3 days'),
('44000000-0000-4000-8000-000000000004', '32000000-0000-4000-8000-000000000013', '15000000-0000-4000-8000-000000000004', 'boleta', 'B-000149', 40900, 9900, 0.00, 0, 50800.00, 9652.00, 60452.00, 'debito', 'pagado', '756425', 'aceptado', NOW() - INTERVAL '57 days' - INTERVAL '20 hours' + INTERVAL '3 days', NULL, NULL, NOW() - INTERVAL '57 days' - INTERVAL '20 hours' + INTERVAL '3 days'),
('44000000-0000-4000-8000-000000000005', '32000000-0000-4000-8000-000000000021', '15000000-0000-4000-8000-000000000004', 'boleta', 'B-000150', 38900, 0, 0.00, 0, 38900.00, 7391.00, 46291.00, 'efectivo', 'pagado', '756426', 'aceptado', NOW() - INTERVAL '58 days' - INTERVAL '16 hours' + INTERVAL '3 days', NULL, NULL, NOW() - INTERVAL '58 days' - INTERVAL '16 hours' + INTERVAL '3 days'),
('44000000-0000-4000-8000-000000000006', '32000000-0000-4000-8000-000000000039', '15000000-0000-4000-8000-000000000004', 'boleta', 'B-000151', 0, 0, 0.00, 0, 0.00, 0.00, 0.00, 'efectivo', 'pagado', '756427', 'aceptado', NOW() - INTERVAL '9 days' - INTERVAL '1 hours' + INTERVAL '3 days', NULL, NULL, NOW() - INTERVAL '9 days' - INTERVAL '1 hours' + INTERVAL '3 days'),
('44000000-0000-4000-8000-000000000007', '32000000-0000-4000-8000-000000000044', '15000000-0000-4000-8000-000000000004', 'boleta', 'B-000152', 40900, 22900, 3190.00, 1000, 59610.00, 11325.90, 70935.90, 'transferencia', 'pagado', '756428', 'aceptado', NOW() - INTERVAL '38 days' - INTERVAL '8 hours' + INTERVAL '3 days', NULL, NULL, NOW() - INTERVAL '38 days' - INTERVAL '8 hours' + INTERVAL '3 days'),
('44000000-0000-4000-8000-000000000008', '32000000-0000-4000-8000-000000000045', '15000000-0000-4000-8000-000000000004', 'boleta', 'B-000153', 24900, 0, 2490.00, 3000, 19410.00, 3687.90, 23097.90, 'efectivo', 'pagado', '756429', 'aceptado', NOW() - INTERVAL '58 days' - INTERVAL '18 hours' + INTERVAL '3 days', NULL, NULL, NOW() - INTERVAL '58 days' - INTERVAL '18 hours' + INTERVAL '3 days'),
('44000000-0000-4000-8000-000000000009', '32000000-0000-4000-8000-000000000048', '15000000-0000-4000-8000-000000000004', 'boleta', 'B-000154', 15900, 9900, 2580.00, 0, 23220.00, 4411.80, 27631.80, 'transferencia', 'pagado', '756430', 'aceptado', NOW() - INTERVAL '26 days' - INTERVAL '17 hours' + INTERVAL '3 days', NULL, NULL, NOW() - INTERVAL '26 days' - INTERVAL '17 hours' + INTERVAL '3 days'),
('44000000-0000-4000-8000-000000000010', '32000000-0000-4000-8000-000000000049', '15000000-0000-4000-8000-000000000004', 'boleta', 'B-000155', 38900, 0, 5835.00, 0, 33065.00, 6282.35, 39347.35, 'debito', 'pagado', '756431', 'aceptado', NOW() - INTERVAL '33 days' - INTERVAL '15 hours' + INTERVAL '3 days', NULL, NULL, NOW() - INTERVAL '33 days' - INTERVAL '15 hours' + INTERVAL '3 days'),
('44000000-0000-4000-8000-000000000011', '32000000-0000-4000-8000-000000000050', '15000000-0000-4000-8000-000000000004', 'boleta', 'B-000156', 0, 0, 0.00, 0, 0.00, 0.00, 0.00, 'efectivo', 'pagado', '756432', 'aceptado', NOW() - INTERVAL '52 days' - INTERVAL '6 hours' + INTERVAL '3 days', NULL, NULL, NOW() - INTERVAL '52 days' - INTERVAL '6 hours' + INTERVAL '3 days');
INSERT INTO clientes (id, taller_id, codigo_cliente, membresia_id, nombre, apellido, rut, telefono, email, direccion, notas, membresia_desde, created_at, updated_at)
VALUES
('19000000-0000-4000-8000-000000000015', '10000000-0000-4000-8000-000000000001', 'CL-0010', '18000000-0000-4000-8000-000000000003', 'Joaquín', 'Bravo', '15.223.110-2', '+56981110015', 'joaquin.bravo@mail.cl', 'Av. Irarrazaval 2340, Ñuñoa', 'Cliente desde 2023, siempre paga puntual.', NOW() - INTERVAL '300 days', NOW() - INTERVAL '300 days', NOW() - INTERVAL '2 days'),
('19000000-0000-4000-8000-000000000016', '10000000-0000-4000-8000-000000000001', 'CL-0011', '18000000-0000-4000-8000-000000000002', 'Consuelo', 'Díaz', '17.554.330-4', '+56981110016', 'consuelo.diaz@mail.cl', 'Los Militares 4500, Las Condes', 'Bicicleta de ruta para entrenamiento.', NOW() - INTERVAL '200 days', NOW() - INTERVAL '200 days', NOW() - INTERVAL '2 days'),
('19000000-0000-4000-8000-000000000017', '10000000-0000-4000-8000-000000000001', 'CL-0012', NULL, 'Manuel', 'Gómez', '19.886.550-6', '+56981110017', 'manuel.gomez@mail.cl', 'Av. Las Condes 8900, Lo Barnechea', 'Uso esporádico, prefiere contacto por email.', NULL, NOW() - INTERVAL '45 days', NOW() - INTERVAL '2 days'),
('19000000-0000-4000-8000-000000000018', '10000000-0000-4000-8000-000000000001', 'CL-0013', '18000000-0000-4000-8000-000000000001', 'Pilar', 'Fernández', '13.117.770-K', '+56981110018', 'pilar.fernandez@mail.cl', 'Condell 120, Providencia', 'Repartidora, requiere mantenimiento rápido.', NOW() - INTERVAL '80 days', NOW() - INTERVAL '80 days', NOW() - INTERVAL '2 days'),
('19000000-0000-4000-8000-000000000019', '10000000-0000-4000-8000-000000000001', 'CL-0014', NULL, 'Esteban', 'Riquelme', '21.339.990-1', '+56981110019', 'esteban.riquelme@mail.cl', 'Av. Matta 3400, Santiago', 'Estudiante de ingeniería, usa bici diario.', NULL, NOW() - INTERVAL '20 days', NOW() - INTERVAL '2 days'),
('19000000-0000-4000-8000-000000000020', '10000000-0000-4000-8000-000000000001', 'CL-0015', '18000000-0000-4000-8000-000000000003', 'Soledad', 'Moya', '16.661.110-3', '+56981110020', 'soledad.moya@mail.cl', 'Av. La Reina 5600, La Reina', 'Miembro oro, familia ciclista.', NOW() - INTERVAL '250 days', NOW() - INTERVAL '250 days', NOW() - INTERVAL '2 days'),
('19000000-0000-4000-8000-000000000021', '10000000-0000-4000-8000-000000000001', 'CL-0016', '18000000-0000-4000-8000-000000000002', 'Cristián', 'Sánchez', '18.883.220-5', '+56981110021', 'cristian.sanchez@mail.cl', 'El Bosque 890, Ñuñoa', 'MTB para competencias locales.', NOW() - INTERVAL '150 days', NOW() - INTERVAL '150 days', NOW() - INTERVAL '2 days'),
('19000000-0000-4000-8000-000000000022', '10000000-0000-4000-8000-000000000001', 'CL-0017', NULL, 'Florencia', 'Paredes', '20.005.440-7', '+56981110022', 'florencia.paredes@mail.cl', 'Diagonal Oriente 230, Providencia', 'Urbana para trabajo, prefiere citas temprano.', NULL, NOW() - INTERVAL '60 days', NOW() - INTERVAL '2 days'),
('19000000-0000-4000-8000-000000000023', '10000000-0000-4000-8000-000000000001', 'CL-0018', '18000000-0000-4000-8000-000000000001', 'Gonzalo', 'Herrera', '14.227.660-9', '+56981110023', 'gonzalo.herrera@mail.cl', 'Av. Grecia 6700, Peñalolén', 'Ciclista de ruta, participa en gran fondo.', NOW() - INTERVAL '110 days', NOW() - INTERVAL '110 days', NOW() - INTERVAL '2 days'),
('19000000-0000-4000-8000-000000000024', '10000000-0000-4000-8000-000000000001', 'CL-0019', NULL, 'Antonia', 'Lagos', '17.449.880-0', '+56981110024', 'antonia.lagos@mail.cl', 'Los Perales 123, La Florida', 'Cargo bike para llevar niños al colegio.', NULL, NOW() - INTERVAL '35 days', NOW() - INTERVAL '2 days'),
('19000000-0000-4000-8000-000000000025', '10000000-0000-4000-8000-000000000001', 'CL-0020', '18000000-0000-4000-8000-000000000002', 'Diego', 'Araya', '19.771.100-1', '+56981110025', 'diego.araya@mail.cl', 'Nueva de Lyon 45, Providencia', 'Restaurador de bicicletas antiguas.', NOW() - INTERVAL '180 days', NOW() - INTERVAL '180 days', NOW() - INTERVAL '2 days'),
('19000000-0000-4000-8000-000000000026', '10000000-0000-4000-8000-000000000001', 'CL-0021', '18000000-0000-4000-8000-000000000003', 'Marcela', 'Vega', '12.993.220-4', '+56981110026', 'marcela.vega@mail.cl', 'Av. Kennedy 7800, Las Condes', 'Gravel para viajes largos.', NOW() - INTERVAL '220 days', NOW() - INTERVAL '220 days', NOW() - INTERVAL '2 days'),
('19000000-0000-4000-8000-000000000027', '10000000-0000-4000-8000-000000000001', 'CL-0022', NULL, 'Ricardo', 'Fuentes', '18.115.440-8', '+56981110027', 'ricardo.fuentes@mail.cl', 'San Diego 450, Santiago', 'Uso diario, no tiene auto.', NULL, NOW() - INTERVAL '40 days', NOW() - INTERVAL '2 days'),
('19000000-0000-4000-8000-000000000028', '10000000-0000-4000-8000-000000000001', 'CL-0023', '18000000-0000-4000-8000-000000000001', 'Isabel', 'Mora', '20.337.660-2', '+56981110028', 'isabel.mora@mail.cl', 'Ricardo Lyon 1450, Providencia', 'Bici eléctrica, requiere revisión batería.', NOW() - INTERVAL '75 days', NOW() - INTERVAL '75 days', NOW() - INTERVAL '2 days'),
('19000000-0000-4000-8000-000000000029', '10000000-0000-4000-8000-000000000001', 'CL-0024', NULL, 'Francisco', 'Leiva', '15.559.880-6', '+56981110029', 'francisco.leiva@mail.cl', 'Av. El Salto 3400, Huechuraba', 'MTB para salidas los fines de semana.', NULL, NOW() - INTERVAL '55 days', NOW() - INTERVAL '2 days'),
('19000000-0000-4000-8000-000000000030', '10000000-0000-4000-8000-000000000001', 'CL-0025', '18000000-0000-4000-8000-000000000002', 'Camila', 'Ortega', '17.881.110-0', '+56981110030', 'camila.ortega@mail.cl', 'Los Domínicos 670, Las Condes', 'Ruta para triatlón, entrena 4 veces por semana.', NOW() - INTERVAL '160 days', NOW() - INTERVAL '160 days', NOW() - INTERVAL '2 days'),
('19000000-0000-4000-8000-000000000031', '10000000-0000-4000-8000-000000000001', 'CL-0026', NULL, 'José', 'Navarro', '19.113.330-3', '+56981110031', 'jose.navarro@mail.cl', 'Av. Américo Vespucio 2300, Maipú', 'Uso mixto trabajo y paseo.', NULL, NOW() - INTERVAL '30 days', NOW() - INTERVAL '2 days'),
('19000000-0000-4000-8000-000000000032', '10000000-0000-4000-8000-000000000001', 'CL-0027', '18000000-0000-4000-8000-000000000001', 'Daniela', 'Peña', '13.335.550-5', '+56981110032', 'daniela.pena@mail.cl', 'Av. La Florida 12000, La Florida', 'Dos bicicletas, una para cada hijo.', NOW() - INTERVAL '85 days', NOW() - INTERVAL '85 days', NOW() - INTERVAL '2 days'),
('19000000-0000-4000-8000-000000000033', '10000000-0000-4000-8000-000000000001', 'CL-0028', '18000000-0000-4000-8000-000000000003', 'Felipe', 'Molina', '21.557.770-7', '+56981110033', 'felipe.molina@mail.cl', 'El Rodeo 450, Las Condes', 'Gravel para carretera austral.', NOW() - INTERVAL '280 days', NOW() - INTERVAL '280 days', NOW() - INTERVAL '2 days'),
('19000000-0000-4000-8000-000000000034', '10000000-0000-4000-8000-000000000001', 'CL-0029', NULL, 'Paula', 'Soto', '16.779.990-9', '+56981110034', 'paula.soto@mail.cl', 'Av. Tobalaba 3400, Ñuñoa', 'Urbana con canasta, compras diarias.', NULL, NOW() - INTERVAL '25 days', NOW() - INTERVAL '2 days'),
('19000000-0000-4000-8000-000000000035', '10000000-0000-4000-8000-000000000002', 'CL-0006', '18000000-0000-4000-8000-000000000006', 'Jorge', 'Castro', '15.661.110-3', '+56981110035', 'jorge.castro@mail.cl', 'Av. Pablo Neruda 456, Temuco', 'Ciclista de ruta, miembro desde apertura.', NOW() - INTERVAL '120 days', NOW() - INTERVAL '120 days', NOW() - INTERVAL '3 days'),
('19000000-0000-4000-8000-000000000036', '10000000-0000-4000-8000-000000000002', 'CL-0007', '18000000-0000-4000-8000-000000000005', 'Lorena', 'Rojas', '17.883.330-5', '+56981110036', 'lorena.rojas@mail.cl', 'Los Sauces 890, Temuco', 'Uso diario al trabajo.', NOW() - INTERVAL '90 days', NOW() - INTERVAL '90 days', NOW() - INTERVAL '3 days'),
('19000000-0000-4000-8000-000000000037', '10000000-0000-4000-8000-000000000002', 'CL-0008', '18000000-0000-4000-8000-000000000004', 'Marco', 'Silva', '19.115.550-7', '+56981110037', 'marco.silva@mail.cl', 'Manuel Rodríguez 670, Temuco', 'MTB para salidas a villarrica.', NOW() - INTERVAL '50 days', NOW() - INTERVAL '50 days', NOW() - INTERVAL '3 days'),
('19000000-0000-4000-8000-000000000038', '10000000-0000-4000-8000-000000000002', 'CL-0009', NULL, 'Natalia', 'Vidal', '13.337.770-9', '+56981110038', 'natalia.vidal@mail.cl', 'Los Pinos 1230, Temuco', 'Urbana para universidad.', NULL, NOW() - INTERVAL '30 days', NOW() - INTERVAL '3 days'),
('19000000-0000-4000-8000-000000000039', '10000000-0000-4000-8000-000000000002', 'CL-0010', '18000000-0000-4000-8000-000000000004', 'Sergio', 'Morales', '18.559.990-1', '+56981110039', 'sergio.morales@mail.cl', 'Diego Portales 450, Temuco', 'Repartidor de comida.', NOW() - INTERVAL '65 days', NOW() - INTERVAL '65 days', NOW() - INTERVAL '3 days'),
('19000000-0000-4000-8000-000000000040', '10000000-0000-4000-8000-000000000002', 'CL-0011', '18000000-0000-4000-8000-000000000006', 'Andrea', 'Fuentes', '20.772.110-4', '+56981110040', 'andrea.fuentes@mail.cl', 'Av. Pablo Neruda 1200, Temuco', 'Ciclista de ruta, miembro oro.', NOW() - INTERVAL '150 days', NOW() - INTERVAL '150 days', NOW() - INTERVAL '3 days'),
('19000000-0000-4000-8000-000000000041', '10000000-0000-4000-8000-000000000002', 'CL-0012', '18000000-0000-4000-8000-000000000005', 'Raul', 'Hernández', '14.994.330-6', '+56981110041', 'raul.hernandez@mail.cl', 'Los Laureles 340, Temuco', 'Gravel para caminos rurales.', NOW() - INTERVAL '80 days', NOW() - INTERVAL '80 days', NOW() - INTERVAL '3 days'),
('19000000-0000-4000-8000-000000000042', '10000000-0000-4000-8000-000000000002', 'CL-0013', NULL, 'Patricia', 'Gómez', '16.116.550-8', '+56981110042', 'patricia.gomez@mail.cl', 'Av. Alemania 2300, Temuco', 'Uso recreativo fines de semana.', NULL, NOW() - INTERVAL '40 days', NOW() - INTERVAL '3 days'),
('19000000-0000-4000-8000-000000000043', '10000000-0000-4000-8000-000000000002', 'CL-0014', '18000000-0000-4000-8000-000000000004', 'Eduardo', 'Pizarro', '19.338.770-0', '+56981110043', 'eduardo.pizarro@mail.cl', 'Manuel Montt 890, Temuco', 'MTB para enduro.', NOW() - INTERVAL '55 days', NOW() - INTERVAL '55 days', NOW() - INTERVAL '3 days'),
('19000000-0000-4000-8000-000000000044', '10000000-0000-4000-8000-000000000002', 'CL-0015', '18000000-0000-4000-8000-000000000005', 'Mónica', 'Ramos', '21.551.990-2', '+56981110044', 'monica.ramos@mail.cl', 'Los Robles 670, Temuco', 'Urbana para trabajo.', NOW() - INTERVAL '100 days', NOW() - INTERVAL '100 days', NOW() - INTERVAL '3 days'),
('19000000-0000-4000-8000-000000000045', '10000000-0000-4000-8000-000000000002', 'CL-0016', '18000000-0000-4000-8000-000000000006', 'Alberto', 'Contreras', '15.773.110-5', '+56981110045', 'alberto.contreras@mail.cl', 'Av. Pablo Neruda 3400, Temuco', 'Ciclista de ruta, entrena diario.', NOW() - INTERVAL '180 days', NOW() - INTERVAL '180 days', NOW() - INTERVAL '3 days'),
('19000000-0000-4000-8000-000000000046', '10000000-0000-4000-8000-000000000002', 'CL-0017', NULL, 'Carmen', 'Díaz', '17.995.330-7', '+56981110046', 'carmen.diaz@mail.cl', 'Los Alerces 123, Temuco', 'Cargo para reparto familiar.', NULL, NOW() - INTERVAL '35 days', NOW() - INTERVAL '3 days'),
('19000000-0000-4000-8000-000000000047', '10000000-0000-4000-8000-000000000002', 'CL-0018', '18000000-0000-4000-8000-000000000004', 'Leonardo', 'Bravo', '19.217.550-9', '+56981110047', 'leonardo.bravo@mail.cl', 'Diego Portales 890, Temuco', 'MTB para salidas grupales.', NOW() - INTERVAL '70 days', NOW() - INTERVAL '70 days', NOW() - INTERVAL '3 days'),
('19000000-0000-4000-8000-000000000048', '10000000-0000-4000-8000-000000000002', 'CL-0019', '18000000-0000-4000-8000-000000000005', 'Susana', 'Mendoza', '13.449.770-1', '+56981110048', 'susana.mendoza@mail.cl', 'Av. Alemania 1200, Temuco', 'Urbana con canasta.', NOW() - INTERVAL '85 days', NOW() - INTERVAL '85 days', NOW() - INTERVAL '3 days'),
('19000000-0000-4000-8000-000000000049', '10000000-0000-4000-8000-000000000002', 'CL-0020', '18000000-0000-4000-8000-000000000006', 'Hugo', 'Reyes', '18.661.990-3', '+56981110049', 'hugo.reyes@mail.cl', 'Los Cipreses 450, Temuco', 'Gravel para viajes.', NOW() - INTERVAL '200 days', NOW() - INTERVAL '200 days', NOW() - INTERVAL '3 days'),
('19000000-0000-4000-8000-000000000050', '10000000-0000-4000-8000-000000000002', 'CL-0021', NULL, 'Mariana', 'Soto', '20.883.110-6', '+56981110050', 'mariana.soto@mail.cl', 'Av. Pablo Neruda 5600, Temuco', 'Uso diario, prefiere mantención rápida.', NULL, NOW() - INTERVAL '45 days', NOW() - INTERVAL '3 days'),
('19000000-0000-4000-8000-000000000051', '10000000-0000-4000-8000-000000000002', 'CL-0022', '18000000-0000-4000-8000-000000000004', 'Fernando', 'Lagos', '14.115.330-8', '+56981110051', 'fernando.lagos@mail.cl', 'Manuel Rodríguez 1200, Temuco', 'MTB para downhill.', NOW() - INTERVAL '60 days', NOW() - INTERVAL '60 days', NOW() - INTERVAL '3 days'),
('19000000-0000-4000-8000-000000000052', '10000000-0000-4000-8000-000000000002', 'CL-0023', '18000000-0000-4000-8000-000000000005', 'Rosa', 'Vega', '16.337.550-0', '+56981110052', 'rosa.vega@mail.cl', 'Los Pinos 890, Temuco', 'Urbana para trabajo.', NOW() - INTERVAL '95 days', NOW() - INTERVAL '95 days', NOW() - INTERVAL '3 days'),
('19000000-0000-4000-8000-000000000053', '10000000-0000-4000-8000-000000000002', 'CL-0024', '18000000-0000-4000-8000-000000000006', 'Tomás', 'Fuentes', '19.559.770-2', '+56981110053', 'tomas.fuentes@mail.cl', 'Av. Alemania 3400, Temuco', 'Ruta para competencias.', NOW() - INTERVAL '170 days', NOW() - INTERVAL '170 days', NOW() - INTERVAL '3 days'),
('19000000-0000-4000-8000-000000000054', '10000000-0000-4000-8000-000000000002', 'CL-0025', '18000000-0000-4000-8000-000000000004', 'Lucía', 'Tapia', '17.881.330-4', '+56981110054', 'lucia.tapia@mail.cl', 'Los Sauces 1200, Temuco', 'Urbana para uso diario.', NOW() - INTERVAL '55 days', NOW() - INTERVAL '55 days', NOW() - INTERVAL '3 days');
INSERT INTO bicicletas (id, cliente_id, marca, modelo, tipo, aro, color, numero_serie, anio, foto_url, notas, created_at, updated_at)
VALUES
('20000000-0000-4000-8000-000000000020', '19000000-0000-4000-8000-000000000015', 'Specialized', 'Tarmac', 'Ruta', '700c', 'Rojo', 'SPE-TAR-2024-5506', 2024, NULL, 'Bicicleta ruta para uso general.', NOW() - INTERVAL '72 days', NOW() - INTERVAL '2 days'),
('20000000-0000-4000-8000-000000000021', '19000000-0000-4000-8000-000000000016', 'Trek', 'Domane', 'Ruta', '29', 'Verde', 'TRE-DOM-2024-2679', 2024, NULL, 'Bicicleta ruta para uso general.', NOW() - INTERVAL '183 days', NOW() - INTERVAL '2 days'),
('20000000-0000-4000-8000-000000000022', '19000000-0000-4000-8000-000000000017', 'Giant', 'Defy', 'Ruta', '650b', 'Negro', 'GIA-DEF-2023-7912', 2023, NULL, 'Bicicleta ruta para uso general.', NOW() - INTERVAL '18 days', NOW() - INTERVAL '2 days'),
('20000000-0000-4000-8000-000000000023', '19000000-0000-4000-8000-000000000018', 'Cannondale', 'Synapse', 'Ruta', '700c', 'Negro', 'CAN-SYN-2020-4811', 2020, NULL, 'Bicicleta ruta para uso general.', NOW() - INTERVAL '139 days', NOW() - INTERVAL '2 days'),
('20000000-0000-4000-8000-000000000024', '19000000-0000-4000-8000-000000000019', 'Bianchi', 'Infinito', 'Ruta', '650b', 'Rojo', 'BIA-INF-2023-4257', 2023, NULL, 'Bicicleta ruta para uso general.', NOW() - INTERVAL '193 days', NOW() - INTERVAL '2 days'),
('20000000-0000-4000-8000-000000000025', '19000000-0000-4000-8000-000000000020', 'Cervelo', 'S2', 'Ruta', '650b', 'Verde oscuro', 'CER-S2-2020-8359', 2020, NULL, 'Bicicleta ruta para uso general.', NOW() - INTERVAL '160 days', NOW() - INTERVAL '2 days'),
('20000000-0000-4000-8000-000000000026', '19000000-0000-4000-8000-000000000021', 'Scott', 'Addict', 'Ruta', '27.5', 'Rojo', 'SCO-ADD-2020-7924', 2020, NULL, 'Bicicleta ruta para uso general.', NOW() - INTERVAL '97 days', NOW() - INTERVAL '2 days'),
('20000000-0000-4000-8000-000000000027', '19000000-0000-4000-8000-000000000022', 'BMC', 'Teammachine', 'Ruta', '27.5', 'Verde', 'BMC-TEA-2020-6514', 2020, NULL, 'Bicicleta ruta para uso general.', NOW() - INTERVAL '36 days', NOW() - INTERVAL '2 days'),
('20000000-0000-4000-8000-000000000028', '19000000-0000-4000-8000-000000000023', 'Merida', 'Scultura', 'Ruta', '700c', 'Blanco perla', 'MER-SCU-2019-6881', 2019, NULL, 'Bicicleta ruta para uso general.', NOW() - INTERVAL '98 days', NOW() - INTERVAL '2 days'),
('20000000-0000-4000-8000-000000000029', '19000000-0000-4000-8000-000000000024', 'Kona', 'Rove', 'Gravel', '650b', 'Gris', 'KON-ROV-2019-8527', 2019, NULL, 'Bicicleta gravel para uso general.', NOW() - INTERVAL '147 days', NOW() - INTERVAL '2 days'),
('20000000-0000-4000-8000-000000000030', '19000000-0000-4000-8000-000000000025', 'GT', 'Grade', 'Gravel', '700c', 'Blanco perla', 'GT-GRA-2019-5803', 2019, NULL, 'Bicicleta gravel para uso general.', NOW() - INTERVAL '170 days', NOW() - INTERVAL '2 days'),
('20000000-0000-4000-8000-000000000031', '19000000-0000-4000-8000-000000000026', 'Fuji', 'Jari', 'Gravel', '650b', 'Negro mate', 'FUJ-JAR-2023-4150', 2023, NULL, 'Bicicleta gravel para uso general.', NOW() - INTERVAL '190 days', NOW() - INTERVAL '2 days'),
('20000000-0000-4000-8000-000000000032', '19000000-0000-4000-8000-000000000027', 'Trek', 'Marlin', 'MTB', '700c', 'Azul', 'TRE-MAR-2024-4733', 2024, NULL, 'Bicicleta mtb para uso general.', NOW() - INTERVAL '84 days', NOW() - INTERVAL '2 days'),
('20000000-0000-4000-8000-000000000033', '19000000-0000-4000-8000-000000000028', 'Giant', 'Talon', 'MTB', '700c', 'Plata', 'GIA-TAL-2019-7227', 2019, NULL, 'Bicicleta mtb para uso general.', NOW() - INTERVAL '81 days', NOW() - INTERVAL '2 days'),
('20000000-0000-4000-8000-000000000034', '19000000-0000-4000-8000-000000000029', 'Specialized', 'Rockhopper', 'MTB', '26', 'Negro mate', 'SPE-ROC-2020-7065', 2020, NULL, 'Bicicleta mtb para uso general.', NOW() - INTERVAL '100 days', NOW() - INTERVAL '2 days'),
('20000000-0000-4000-8000-000000000035', '19000000-0000-4000-8000-000000000030', 'Cannondale', 'Trail', 'MTB', '29', 'Gris', 'CAN-TRA-2024-2169', 2024, NULL, 'Bicicleta mtb para uso general.', NOW() - INTERVAL '165 days', NOW() - INTERVAL '2 days'),
('20000000-0000-4000-8000-000000000036', '19000000-0000-4000-8000-000000000031', 'Scott', 'Aspect', 'MTB', '29', 'Café', 'SCO-ASP-2024-5010', 2024, NULL, 'Bicicleta mtb para uso general.', NOW() - INTERVAL '51 days', NOW() - INTERVAL '2 days'),
('20000000-0000-4000-8000-000000000037', '19000000-0000-4000-8000-000000000032', 'Merida', 'Big.Nine', 'MTB', '26', 'Blanco perla', 'MER-BIG-2021-4598', 2021, NULL, 'Bicicleta mtb para uso general.', NOW() - INTERVAL '185 days', NOW() - INTERVAL '2 days'),
('20000000-0000-4000-8000-000000000038', '19000000-0000-4000-8000-000000000033', 'Giant', 'Escape', 'Urbana', '27.5', 'Azul', 'GIA-ESC-2020-1525', 2020, NULL, 'Bicicleta urbana para uso general.', NOW() - INTERVAL '90 days', NOW() - INTERVAL '2 days'),
('20000000-0000-4000-8000-000000000039', '19000000-0000-4000-8000-000000000034', 'Trek', 'FX', 'Urbana', '26', 'Gris', 'TRE-FX-2019-4456', 2019, NULL, 'Bicicleta urbana para uso general.', NOW() - INTERVAL '155 days', NOW() - INTERVAL '2 days'),
('20000000-0000-4000-8000-000000000040', '19000000-0000-4000-8000-000000000035', 'Specialized', 'Sirrus', 'Urbana', '27.5', 'Naranja', 'SPE-SIR-2024-9179', 2024, NULL, 'Bicicleta urbana para uso general.', NOW() - INTERVAL '111 days', NOW() - INTERVAL '3 days'),
('20000000-0000-4000-8000-000000000041', '19000000-0000-4000-8000-000000000036', 'Cannondale', 'Quick', 'Urbana', '26', 'Verde', 'CAN-QUI-2021-3287', 2021, NULL, 'Bicicleta urbana para uso general.', NOW() - INTERVAL '73 days', NOW() - INTERVAL '3 days'),
('20000000-0000-4000-8000-000000000042', '19000000-0000-4000-8000-000000000037', 'Bianchi', 'C-Sport', 'Urbana', '650b', 'Café', 'BIA-C-S-2021-8019', 2021, NULL, 'Bicicleta urbana para uso general.', NOW() - INTERVAL '159 days', NOW() - INTERVAL '3 days'),
('20000000-0000-4000-8000-000000000043', '19000000-0000-4000-8000-000000000038', 'Kona', 'Dew', 'Urbana', '26', 'Negro mate', 'KON-DEW-2020-3266', 2020, NULL, 'Bicicleta urbana para uso general.', NOW() - INTERVAL '140 days', NOW() - INTERVAL '3 days'),
('20000000-0000-4000-8000-000000000044', '19000000-0000-4000-8000-000000000039', 'BMC', 'Alpenchallenge', 'Gravel', '26', 'Negro', 'BMC-ALP-2019-2796', 2019, NULL, 'Bicicleta gravel para uso general.', NOW() - INTERVAL '49 days', NOW() - INTERVAL '3 days'),
('20000000-0000-4000-8000-000000000045', '19000000-0000-4000-8000-000000000040', 'Cervelo', 'Aspero', 'Gravel', '29', 'Verde oscuro', 'CER-ASP-2023-2040', 2023, NULL, 'Bicicleta gravel para uso general.', NOW() - INTERVAL '108 days', NOW() - INTERVAL '3 days'),
('20000000-0000-4000-8000-000000000046', '19000000-0000-4000-8000-000000000041', 'GT', 'Transeo', 'Urbana', '26', 'Turquesa', 'GT-TRA-2022-9669', 2022, NULL, 'Bicicleta urbana para uso general.', NOW() - INTERVAL '74 days', NOW() - INTERVAL '3 days'),
('20000000-0000-4000-8000-000000000047', '19000000-0000-4000-8000-000000000042', 'Fuji', 'Absolute', 'Urbana', '650b', 'Rojo', 'FUJ-ABS-2024-2876', 2024, NULL, 'Bicicleta urbana para uso general.', NOW() - INTERVAL '184 days', NOW() - INTERVAL '3 days'),
('20000000-0000-4000-8000-000000000048', '19000000-0000-4000-8000-000000000043', 'Merida', 'Speeder', 'Urbana', '650b', 'Gris', 'MER-SPE-2024-6573', 2024, NULL, 'Bicicleta urbana para uso general.', NOW() - INTERVAL '38 days', NOW() - INTERVAL '3 days'),
('20000000-0000-4000-8000-000000000049', '19000000-0000-4000-8000-000000000044', 'Scott', 'Metrix', 'Urbana', '27.5', 'Verde oscuro', 'SCO-MET-2020-8433', 2020, NULL, 'Bicicleta urbana para uso general.', NOW() - INTERVAL '10 days', NOW() - INTERVAL '3 days'),
('20000000-0000-4000-8000-000000000050', '19000000-0000-4000-8000-000000000045', 'Trek', 'Roscoe', 'MTB', '27.5', 'Dorado', 'TRE-ROS-2020-9317', 2020, NULL, 'Bicicleta mtb para uso general.', NOW() - INTERVAL '37 days', NOW() - INTERVAL '3 days'),
('20000000-0000-4000-8000-000000000051', '19000000-0000-4000-8000-000000000046', 'Giant', 'Stance', 'MTB', '27.5', 'Dorado', 'GIA-STA-2023-4258', 2023, NULL, 'Bicicleta mtb para uso general.', NOW() - INTERVAL '49 days', NOW() - INTERVAL '3 days'),
('20000000-0000-4000-8000-000000000052', '19000000-0000-4000-8000-000000000047', 'Specialized', 'Stumpjumper', 'MTB', '27.5', 'Amarillo', 'SPE-STU-2023-9689', 2023, NULL, 'Bicicleta mtb para uso general.', NOW() - INTERVAL '10 days', NOW() - INTERVAL '3 days'),
('20000000-0000-4000-8000-000000000053', '19000000-0000-4000-8000-000000000048', 'Cannondale', 'Habit', 'MTB', '650b', 'Rojo carbono', 'CAN-HAB-2022-1319', 2022, NULL, 'Bicicleta mtb para uso general.', NOW() - INTERVAL '38 days', NOW() - INTERVAL '3 days'),
('20000000-0000-4000-8000-000000000054', '19000000-0000-4000-8000-000000000049', 'Bianchi', 'Magma', 'MTB', '27.5', 'Celeste', 'BIA-MAG-2020-1949', 2020, NULL, 'Bicicleta mtb para uso general.', NOW() - INTERVAL '71 days', NOW() - INTERVAL '3 days'),
('20000000-0000-4000-8000-000000000055', '19000000-0000-4000-8000-000000000050', 'Kona', 'Honzo', 'MTB', '650b', 'Negro', 'KON-HON-2019-8962', 2019, NULL, 'Bicicleta mtb para uso general.', NOW() - INTERVAL '27 days', NOW() - INTERVAL '3 days'),
('20000000-0000-4000-8000-000000000056', '19000000-0000-4000-8000-000000000051', 'Cervelo', 'R5', 'Ruta', '650b', 'Verde', 'CER-R5-2020-8787', 2020, NULL, 'Bicicleta ruta para uso general.', NOW() - INTERVAL '150 days', NOW() - INTERVAL '3 days'),
('20000000-0000-4000-8000-000000000057', '19000000-0000-4000-8000-000000000052', 'BMC', 'Roadmachine', 'Ruta', '29', 'Gris', 'BMC-ROA-2023-7932', 2023, NULL, 'Bicicleta ruta para uso general.', NOW() - INTERVAL '64 days', NOW() - INTERVAL '3 days'),
('20000000-0000-4000-8000-000000000058', '19000000-0000-4000-8000-000000000053', 'GT', 'GTR', 'Ruta', '650b', 'Naranja', 'GT-GTR-2024-6107', 2024, NULL, 'Bicicleta ruta para uso general.', NOW() - INTERVAL '112 days', NOW() - INTERVAL '3 days'),
('20000000-0000-4000-8000-000000000059', '19000000-0000-4000-8000-000000000054', 'Fuji', 'Transonic', 'Ruta', '27.5', 'Azul marino', 'FUJ-TRA-2023-8397', 2023, NULL, 'Bicicleta ruta para uso general.', NOW() - INTERVAL '40 days', NOW() - INTERVAL '3 days');
-- Reasignar bicicletas a ordenes T1 para que cada cliente tenga >= 1 orden
UPDATE ordenes SET bicicleta_id = '20000000-0000-4000-8000-000000000007' WHERE id = '32000000-0000-4000-8000-000000000001';
UPDATE ordenes SET bicicleta_id = '20000000-0000-4000-8000-000000000025' WHERE id = '32000000-0000-4000-8000-000000000002';
UPDATE ordenes SET bicicleta_id = '20000000-0000-4000-8000-000000000007' WHERE id = '32000000-0000-4000-8000-000000000003';
UPDATE ordenes SET bicicleta_id = '20000000-0000-4000-8000-000000000011' WHERE id = '32000000-0000-4000-8000-000000000004';
UPDATE ordenes SET bicicleta_id = '20000000-0000-4000-8000-000000000036' WHERE id = '32000000-0000-4000-8000-000000000005';
UPDATE ordenes SET bicicleta_id = '20000000-0000-4000-8000-000000000008' WHERE id = '32000000-0000-4000-8000-000000000006';
UPDATE ordenes SET bicicleta_id = '20000000-0000-4000-8000-000000000009' WHERE id = '32000000-0000-4000-8000-000000000007';
UPDATE ordenes SET bicicleta_id = '20000000-0000-4000-8000-000000000010' WHERE id = '32000000-0000-4000-8000-000000000008';
UPDATE ordenes SET bicicleta_id = '20000000-0000-4000-8000-000000000025' WHERE id = '32000000-0000-4000-8000-000000000009';
UPDATE ordenes SET bicicleta_id = '20000000-0000-4000-8000-000000000022' WHERE id = '32000000-0000-4000-8000-000000000010';
UPDATE ordenes SET bicicleta_id = '20000000-0000-4000-8000-000000000004' WHERE id = '32000000-0000-4000-8000-000000000011';
UPDATE ordenes SET bicicleta_id = '20000000-0000-4000-8000-000000000029' WHERE id = '32000000-0000-4000-8000-000000000012';
UPDATE ordenes SET bicicleta_id = '20000000-0000-4000-8000-000000000003' WHERE id = '32000000-0000-4000-8000-000000000013';
UPDATE ordenes SET bicicleta_id = '20000000-0000-4000-8000-000000000030' WHERE id = '32000000-0000-4000-8000-000000000014';
UPDATE ordenes SET bicicleta_id = '20000000-0000-4000-8000-000000000012' WHERE id = '32000000-0000-4000-8000-000000000015';
UPDATE ordenes SET bicicleta_id = '20000000-0000-4000-8000-000000000032' WHERE id = '32000000-0000-4000-8000-000000000016';
UPDATE ordenes SET bicicleta_id = '20000000-0000-4000-8000-000000000009' WHERE id = '32000000-0000-4000-8000-000000000017';
UPDATE ordenes SET bicicleta_id = '20000000-0000-4000-8000-000000000031' WHERE id = '32000000-0000-4000-8000-000000000018';
UPDATE ordenes SET bicicleta_id = '20000000-0000-4000-8000-000000000020' WHERE id = '32000000-0000-4000-8000-000000000019';
UPDATE ordenes SET bicicleta_id = '20000000-0000-4000-8000-000000000001' WHERE id = '32000000-0000-4000-8000-000000000020';
UPDATE ordenes SET bicicleta_id = '20000000-0000-4000-8000-000000000039' WHERE id = '32000000-0000-4000-8000-000000000021';
UPDATE ordenes SET bicicleta_id = '20000000-0000-4000-8000-000000000033' WHERE id = '32000000-0000-4000-8000-000000000022';
UPDATE ordenes SET bicicleta_id = '20000000-0000-4000-8000-000000000037' WHERE id = '32000000-0000-4000-8000-000000000023';
UPDATE ordenes SET bicicleta_id = '20000000-0000-4000-8000-000000000012' WHERE id = '32000000-0000-4000-8000-000000000024';
UPDATE ordenes SET bicicleta_id = '20000000-0000-4000-8000-000000000007' WHERE id = '32000000-0000-4000-8000-000000000025';
UPDATE ordenes SET bicicleta_id = '20000000-0000-4000-8000-000000000020' WHERE id = '32000000-0000-4000-8000-000000000026';
UPDATE ordenes SET bicicleta_id = '20000000-0000-4000-8000-000000000028' WHERE id = '32000000-0000-4000-8000-000000000027';
UPDATE ordenes SET bicicleta_id = '20000000-0000-4000-8000-000000000034' WHERE id = '32000000-0000-4000-8000-000000000028';
UPDATE ordenes SET bicicleta_id = '20000000-0000-4000-8000-000000000004' WHERE id = '32000000-0000-4000-8000-000000000029';
UPDATE ordenes SET bicicleta_id = '20000000-0000-4000-8000-000000000002' WHERE id = '32000000-0000-4000-8000-000000000030';
UPDATE ordenes SET bicicleta_id = '20000000-0000-4000-8000-000000000006' WHERE id = '32000000-0000-4000-8000-000000000031';
UPDATE ordenes SET bicicleta_id = '20000000-0000-4000-8000-000000000023' WHERE id = '32000000-0000-4000-8000-000000000032';
UPDATE ordenes SET bicicleta_id = '20000000-0000-4000-8000-000000000023' WHERE id = '32000000-0000-4000-8000-000000000033';
UPDATE ordenes SET bicicleta_id = '20000000-0000-4000-8000-000000000023' WHERE id = '32000000-0000-4000-8000-000000000034';
UPDATE ordenes SET bicicleta_id = '20000000-0000-4000-8000-000000000020' WHERE id = '32000000-0000-4000-8000-000000000035';
UPDATE ordenes SET bicicleta_id = '20000000-0000-4000-8000-000000000036' WHERE id = '32000000-0000-4000-8000-000000000036';
UPDATE ordenes SET bicicleta_id = '20000000-0000-4000-8000-000000000033' WHERE id = '32000000-0000-4000-8000-000000000037';
UPDATE ordenes SET bicicleta_id = '20000000-0000-4000-8000-000000000038' WHERE id = '32000000-0000-4000-8000-000000000038';
UPDATE ordenes SET bicicleta_id = '20000000-0000-4000-8000-000000000029' WHERE id = '32000000-0000-4000-8000-000000000039';
UPDATE ordenes SET bicicleta_id = '20000000-0000-4000-8000-000000000035' WHERE id = '32000000-0000-4000-8000-000000000040';
UPDATE ordenes SET bicicleta_id = '20000000-0000-4000-8000-000000000027' WHERE id = '32000000-0000-4000-8000-000000000041';
UPDATE ordenes SET bicicleta_id = '20000000-0000-4000-8000-000000000035' WHERE id = '32000000-0000-4000-8000-000000000042';
UPDATE ordenes SET bicicleta_id = '20000000-0000-4000-8000-000000000001' WHERE id = '32000000-0000-4000-8000-000000000043';
UPDATE ordenes SET bicicleta_id = '20000000-0000-4000-8000-000000000035' WHERE id = '32000000-0000-4000-8000-000000000044';
UPDATE ordenes SET bicicleta_id = '20000000-0000-4000-8000-000000000004' WHERE id = '32000000-0000-4000-8000-000000000045';
UPDATE ordenes SET bicicleta_id = '20000000-0000-4000-8000-000000000004' WHERE id = '32000000-0000-4000-8000-000000000046';
UPDATE ordenes SET bicicleta_id = '20000000-0000-4000-8000-000000000036' WHERE id = '32000000-0000-4000-8000-000000000047';
UPDATE ordenes SET bicicleta_id = '20000000-0000-4000-8000-000000000024' WHERE id = '32000000-0000-4000-8000-000000000048';
UPDATE ordenes SET bicicleta_id = '20000000-0000-4000-8000-000000000034' WHERE id = '32000000-0000-4000-8000-000000000049';
UPDATE ordenes SET bicicleta_id = '20000000-0000-4000-8000-000000000037' WHERE id = '32000000-0000-4000-8000-000000000050';
UPDATE ordenes SET bicicleta_id = '20000000-0000-4000-8000-000000000037' WHERE id = '32000000-0000-4000-8000-000000000051';
UPDATE ordenes SET bicicleta_id = '20000000-0000-4000-8000-000000000021' WHERE id = '32000000-0000-4000-8000-000000000052';
UPDATE ordenes SET bicicleta_id = '20000000-0000-4000-8000-000000000026' WHERE id = '32000000-0000-4000-8000-000000000053';
UPDATE ordenes SET bicicleta_id = '20000000-0000-4000-8000-000000000005' WHERE id = '32000000-0000-4000-8000-000000000054';
-- Ordenes T2 para que cada cliente tenga >= 1 orden
INSERT INTO ordenes (id, taller_id, sucursal_id, bicicleta_id, mecanico_id, estado_id, tipo_id, numero_orden, diagnostico_inicial, diagnostico_final, observaciones_cliente, descuento_manual, porcentaje_descuento_membresia, fecha_ingreso, fecha_prometida, fecha_entrega, created_at, updated_at)
VALUES
('32000000-0000-4000-8000-000000000055', '10000000-0000-4000-8000-000000000002', '11000000-0000-4000-8000-000000000003', '20000000-0000-4000-8000-000000000041', '15000000-0000-4000-8000-000000000007', '30000000-0000-4000-8000-000000000001', '31000000-0000-4000-8000-000000000003', 'OT-00055', 'Cliente solicita pintura de cuadro personalizada.', NULL, 'Revisar sistema tubeless (pérdida de aire lenta).', 2000, 0.00, NOW() - INTERVAL '41 days' - INTERVAL '8 hours', NOW() - INTERVAL '41 days' - INTERVAL '8 hours' + INTERVAL '3 days', NULL, NOW() - INTERVAL '41 days' - INTERVAL '8 hours', NOW() - INTERVAL '41 days' - INTERVAL '8 hours'),
('32000000-0000-4000-8000-000000000056', '10000000-0000-4000-8000-000000000002', '11000000-0000-4000-8000-000000000003', '20000000-0000-4000-8000-000000000053', '15000000-0000-4000-8000-000000000007', '30000000-0000-4000-8000-000000000007', '31000000-0000-4000-8000-000000000005', 'OT-00056', 'Ajuste de sillín y potencia para ergonomía.', 'Cambio no sube al plato grande; limitador desajustado.', 'Solicita mantenimiento preventivo de suspensiones.', 0, 0.00, NOW() - INTERVAL '8 days' - INTERVAL '2 hours', NOW() - INTERVAL '8 days' - INTERVAL '2 hours' + INTERVAL '7 days', NULL, NOW() - INTERVAL '8 days' - INTERVAL '2 hours', NOW() - INTERVAL '8 days' - INTERVAL '2 hours'),
('32000000-0000-4000-8000-000000000057', '10000000-0000-4000-8000-000000000002', '11000000-0000-4000-8000-000000000003', '20000000-0000-4000-8000-000000000014', '15000000-0000-4000-8000-000000000007', '30000000-0000-4000-8000-000000000006', '31000000-0000-4000-8000-000000000005', 'OT-00057', 'Solicita revisión general antes de viaje largo.', 'Desviador trasero golpeado en caída; colgado.', 'Necesita bicicleta para uso diario desde el lunes.', 0, 0.00, NOW() - INTERVAL '28 days' - INTERVAL '4 hours', NOW() - INTERVAL '28 days' - INTERVAL '4 hours' + INTERVAL '2 days', NULL, NOW() - INTERVAL '28 days' - INTERVAL '4 hours', NOW() - INTERVAL '28 days' - INTERVAL '4 hours'),
('32000000-0000-4000-8000-000000000058', '10000000-0000-4000-8000-000000000002', '11000000-0000-4000-8000-000000000003', '20000000-0000-4000-8000-000000000047', '15000000-0000-4000-8000-000000000007', '30000000-0000-4000-8000-000000000004', '31000000-0000-4000-8000-000000000006', 'OT-00058', 'Ruido en buje trasero; rodamientos secos.', NULL, 'Solicita fotos del diagnóstico.', 0, 0.00, NOW() - INTERVAL '23 days' - INTERVAL '17 hours', NOW() - INTERVAL '23 days' - INTERVAL '17 hours' + INTERVAL '5 days', NULL, NOW() - INTERVAL '23 days' - INTERVAL '17 hours', NOW() - INTERVAL '23 days' - INTERVAL '17 hours'),
('32000000-0000-4000-8000-000000000059', '10000000-0000-4000-8000-000000000002', '11000000-0000-4000-8000-000000000003', '20000000-0000-4000-8000-000000000045', '15000000-0000-4000-8000-000000000007', '30000000-0000-4000-8000-000000000003', '31000000-0000-4000-8000-000000000002', 'OT-00059', 'Reemplazo de cableado interno de cambio.', NULL, 'Cliente pide que se revise garantía de cadena anterior.', 5000, 10.00, NOW() - INTERVAL '2 days' - INTERVAL '5 hours', NOW() - INTERVAL '2 days' - INTERVAL '5 hours' + INTERVAL '7 days', NULL, NOW() - INTERVAL '2 days' - INTERVAL '5 hours', NOW() - INTERVAL '2 days' - INTERVAL '5 hours'),
('32000000-0000-4000-8000-000000000060', '10000000-0000-4000-8000-000000000002', '11000000-0000-4000-8000-000000000003', '20000000-0000-4000-8000-000000000059', '15000000-0000-4000-8000-000000000007', '30000000-0000-4000-8000-000000000004', '31000000-0000-4000-8000-000000000003', 'OT-00060', 'Puños desgastados y manillar torcido.', NULL, 'Necesita bicicleta para uso diario desde el lunes.', 5000, 10.00, NOW() - INTERVAL '51 days' - INTERVAL '22 hours', NOW() - INTERVAL '51 days' - INTERVAL '22 hours' + INTERVAL '2 days', NULL, NOW() - INTERVAL '51 days' - INTERVAL '22 hours', NOW() - INTERVAL '51 days' - INTERVAL '22 hours'),
('32000000-0000-4000-8000-000000000061', '10000000-0000-4000-8000-000000000002', '11000000-0000-4000-8000-000000000003', '20000000-0000-4000-8000-000000000016', '15000000-0000-4000-8000-000000000007', '30000000-0000-4000-8000-000000000004', '31000000-0000-4000-8000-000000000002', 'OT-00061', 'Freno trasero sin presión; pastillas desgastadas.', NULL, 'Cliente solicita revisar presión para gran fondo del fin de semana.', 3000, 0.00, NOW() - INTERVAL '23 days' - INTERVAL '9 hours', NOW() - INTERVAL '23 days' - INTERVAL '9 hours' + INTERVAL '3 days', NULL, NOW() - INTERVAL '23 days' - INTERVAL '9 hours', NOW() - INTERVAL '23 days' - INTERVAL '9 hours'),
('32000000-0000-4000-8000-000000000062', '10000000-0000-4000-8000-000000000002', '11000000-0000-4000-8000-000000000003', '20000000-0000-4000-8000-000000000042', '15000000-0000-4000-8000-000000000007', '30000000-0000-4000-8000-000000000007', '31000000-0000-4000-8000-000000000003', 'OT-00062', 'Desviador trasero golpeado en caída; colgado.', 'Asiento roto y poste deslizante.', 'Ajustar para carga de reparto diario.', 1000, 0.00, NOW() - INTERVAL '56 days' - INTERVAL '2 hours', NOW() - INTERVAL '56 days' - INTERVAL '2 hours' + INTERVAL '4 days', NULL, NOW() - INTERVAL '56 days' - INTERVAL '2 hours', NOW() - INTERVAL '56 days' - INTERVAL '2 hours'),
('32000000-0000-4000-8000-000000000063', '10000000-0000-4000-8000-000000000002', '11000000-0000-4000-8000-000000000003', '20000000-0000-4000-8000-000000000048', '15000000-0000-4000-8000-000000000007', '30000000-0000-4000-8000-000000000006', '31000000-0000-4000-8000-000000000001', 'OT-00063', 'Ajuste de geometría para confort en ciclismo largo.', 'Bicicleta nueva, solicita armado y ajuste inicial.', 'Necesita bicicleta para uso diario desde el lunes.', 0, 15.00, NOW() - INTERVAL '57 days' - INTERVAL '8 hours', NOW() - INTERVAL '57 days' - INTERVAL '8 hours' + INTERVAL '3 days', NULL, NOW() - INTERVAL '57 days' - INTERVAL '8 hours', NOW() - INTERVAL '57 days' - INTERVAL '8 hours'),
('32000000-0000-4000-8000-000000000064', '10000000-0000-4000-8000-000000000002', '11000000-0000-4000-8000-000000000003', '20000000-0000-4000-8000-000000000046', '15000000-0000-4000-8000-000000000007', '30000000-0000-4000-8000-000000000007', '31000000-0000-4000-8000-000000000003', 'OT-00064', 'Pinchazo recurrente en rueda trasera y piola de cambio oxidada.', 'Puños desgastados y manillar torcido.', 'Revisar desgaste de piñón libre (ruido al rodar).', 0, 5.00, NOW() - INTERVAL '28 days' - INTERVAL '19 hours', NOW() - INTERVAL '28 days' - INTERVAL '19 hours' + INTERVAL '6 days', NULL, NOW() - INTERVAL '28 days' - INTERVAL '19 hours', NOW() - INTERVAL '28 days' - INTERVAL '19 hours'),
('32000000-0000-4000-8000-000000000065', '10000000-0000-4000-8000-000000000002', '11000000-0000-4000-8000-000000000003', '20000000-0000-4000-8000-000000000040', '15000000-0000-4000-8000-000000000007', '30000000-0000-4000-8000-000000000001', '31000000-0000-4000-8000-000000000006', 'OT-00065', 'Cambio electrónico no responde; batería baja.', NULL, 'Solicita fotos del diagnóstico.', 3000, 0.00, NOW() - INTERVAL '1 days' - INTERVAL '16 hours', NOW() - INTERVAL '1 days' - INTERVAL '16 hours' + INTERVAL '6 days', NULL, NOW() - INTERVAL '1 days' - INTERVAL '16 hours', NOW() - INTERVAL '1 days' - INTERVAL '16 hours'),
('32000000-0000-4000-8000-000000000066', '10000000-0000-4000-8000-000000000002', '11000000-0000-4000-8000-000000000003', '20000000-0000-4000-8000-000000000059', '15000000-0000-4000-8000-000000000007', '30000000-0000-4000-8000-000000000004', '31000000-0000-4000-8000-000000000003', 'OT-00066', 'Ruido en buje trasero; rodamientos secos.', NULL, 'Cliente pide que se revise garantía de cadena anterior.', 3000, 0.00, NOW() - INTERVAL '5 days' - INTERVAL '21 hours', NOW() - INTERVAL '5 days' - INTERVAL '21 hours' + INTERVAL '4 days', NULL, NOW() - INTERVAL '5 days' - INTERVAL '21 hours', NOW() - INTERVAL '5 days' - INTERVAL '21 hours'),
('32000000-0000-4000-8000-000000000067', '10000000-0000-4000-8000-000000000002', '11000000-0000-4000-8000-000000000003', '20000000-0000-4000-8000-000000000058', '15000000-0000-4000-8000-000000000007', '30000000-0000-4000-8000-000000000002', '31000000-0000-4000-8000-000000000006', 'OT-00067', 'Neumático trasero desgastado y llanta descentrada.', NULL, 'Cliente pide que se revise garantía de cadena anterior.', 1000, 0.00, NOW() - INTERVAL '33 days' - INTERVAL '9 hours', NOW() - INTERVAL '33 days' - INTERVAL '9 hours' + INTERVAL '7 days', NULL, NOW() - INTERVAL '33 days' - INTERVAL '9 hours', NOW() - INTERVAL '33 days' - INTERVAL '9 hours'),
('32000000-0000-4000-8000-000000000068', '10000000-0000-4000-8000-000000000002', '11000000-0000-4000-8000-000000000003', '20000000-0000-4000-8000-000000000049', '15000000-0000-4000-8000-000000000007', '30000000-0000-4000-8000-000000000005', '31000000-0000-4000-8000-000000000005', 'OT-00068', 'Puños desgastados y manillar torcido.', 'Cambio electrónico no responde; batería baja.', 'Solicita fotos del diagnóstico.', 0, 15.00, NOW() - INTERVAL '13 days' - INTERVAL '13 hours', NOW() - INTERVAL '13 days' - INTERVAL '13 hours' + INTERVAL '7 days', NULL, NOW() - INTERVAL '13 days' - INTERVAL '13 hours', NOW() - INTERVAL '13 days' - INTERVAL '13 hours'),
('32000000-0000-4000-8000-000000000069', '10000000-0000-4000-8000-000000000002', '11000000-0000-4000-8000-000000000003', '20000000-0000-4000-8000-000000000050', '15000000-0000-4000-8000-000000000007', '30000000-0000-4000-8000-000000000005', '31000000-0000-4000-8000-000000000004', 'OT-00069', 'Neumático trasero desgastado y llanta descentrada.', 'Cambio de cassette por desgaste excesivo.', 'Revisar desgaste de piñón libre (ruido al rodar).', 2000, 0.00, NOW() - INTERVAL '20 days' - INTERVAL '9 hours', NOW() - INTERVAL '20 days' - INTERVAL '9 hours' + INTERVAL '3 days', NULL, NOW() - INTERVAL '20 days' - INTERVAL '9 hours', NOW() - INTERVAL '20 days' - INTERVAL '9 hours'),
('32000000-0000-4000-8000-000000000070', '10000000-0000-4000-8000-000000000002', '11000000-0000-4000-8000-000000000003', '20000000-0000-4000-8000-000000000050', '15000000-0000-4000-8000-000000000007', '30000000-0000-4000-8000-000000000006', '31000000-0000-4000-8000-000000000004', 'OT-00070', 'Freno de disco delantero chilla al frenar.', 'Suspensión trasera hace ruido metálico.', 'Solicita fotos del diagnóstico.', 0, 0.00, NOW() - INTERVAL '29 days' - INTERVAL '21 hours', NOW() - INTERVAL '29 days' - INTERVAL '21 hours' + INTERVAL '3 days', NULL, NOW() - INTERVAL '29 days' - INTERVAL '21 hours', NOW() - INTERVAL '29 days' - INTERVAL '21 hours'),
('32000000-0000-4000-8000-000000000071', '10000000-0000-4000-8000-000000000002', '11000000-0000-4000-8000-000000000003', '20000000-0000-4000-8000-000000000057', '15000000-0000-4000-8000-000000000007', '30000000-0000-4000-8000-000000000002', '31000000-0000-4000-8000-000000000003', 'OT-00071', 'Solicita revisión general antes de viaje largo.', NULL, 'Pide entrega a domicilio si supera 3 días.', 5000, 0.00, NOW() - INTERVAL '6 days' - INTERVAL '7 hours', NOW() - INTERVAL '6 days' - INTERVAL '7 hours' + INTERVAL '7 days', NULL, NOW() - INTERVAL '6 days' - INTERVAL '7 hours', NOW() - INTERVAL '6 days' - INTERVAL '7 hours'),
('32000000-0000-4000-8000-000000000072', '10000000-0000-4000-8000-000000000002', '11000000-0000-4000-8000-000000000003', '20000000-0000-4000-8000-000000000047', '15000000-0000-4000-8000-000000000007', '30000000-0000-4000-8000-000000000003', '31000000-0000-4000-8000-000000000001', 'OT-00072', 'Revisión de sistema tubeless (pérdida de aire).', NULL, 'Pide mantener el manillar original.', 0, 10.00, NOW() - INTERVAL '16 days' - INTERVAL '15 hours', NOW() - INTERVAL '16 days' - INTERVAL '15 hours' + INTERVAL '6 days', NULL, NOW() - INTERVAL '16 days' - INTERVAL '15 hours', NOW() - INTERVAL '16 days' - INTERVAL '15 hours'),
('32000000-0000-4000-8000-000000000073', '10000000-0000-4000-8000-000000000002', '11000000-0000-4000-8000-000000000003', '20000000-0000-4000-8000-000000000043', '15000000-0000-4000-8000-000000000007', '30000000-0000-4000-8000-000000000007', '31000000-0000-4000-8000-000000000006', 'OT-00073', 'Suspensión trasera hace ruido metálico.', 'Puños desgastados y manillar torcido.', 'Pide entrega a domicilio si supera 3 días.', 0, 0.00, NOW() - INTERVAL '46 days' - INTERVAL '22 hours', NOW() - INTERVAL '46 days' - INTERVAL '22 hours' + INTERVAL '5 days', NULL, NOW() - INTERVAL '46 days' - INTERVAL '22 hours', NOW() - INTERVAL '46 days' - INTERVAL '22 hours'),
('32000000-0000-4000-8000-000000000074', '10000000-0000-4000-8000-000000000002', '11000000-0000-4000-8000-000000000003', '20000000-0000-4000-8000-000000000019', '15000000-0000-4000-8000-000000000007', '30000000-0000-4000-8000-000000000001', '31000000-0000-4000-8000-000000000001', 'OT-00074', 'Freno de disco delantero chilla al frenar.', NULL, 'Revisar sistema tubeless (pérdida de aire lenta).', 0, 15.00, NOW() - INTERVAL '15 days' - INTERVAL '5 hours', NOW() - INTERVAL '15 days' - INTERVAL '5 hours' + INTERVAL '7 days', NULL, NOW() - INTERVAL '15 days' - INTERVAL '5 hours', NOW() - INTERVAL '15 days' - INTERVAL '5 hours'),
('32000000-0000-4000-8000-000000000075', '10000000-0000-4000-8000-000000000002', '11000000-0000-4000-8000-000000000003', '20000000-0000-4000-8000-000000000017', '15000000-0000-4000-8000-000000000007', '30000000-0000-4000-8000-000000000004', '31000000-0000-4000-8000-000000000001', 'OT-00075', 'Freno de disco delantero chilla al frenar.', NULL, 'Solicita mantenimiento preventivo de suspensiones.', 2000, 5.00, NOW() - INTERVAL '9 days' - INTERVAL '14 hours', NOW() - INTERVAL '9 days' - INTERVAL '14 hours' + INTERVAL '7 days', NULL, NOW() - INTERVAL '9 days' - INTERVAL '14 hours', NOW() - INTERVAL '9 days' - INTERVAL '14 hours'),
('32000000-0000-4000-8000-000000000076', '10000000-0000-4000-8000-000000000002', '11000000-0000-4000-8000-000000000003', '20000000-0000-4000-8000-000000000055', '15000000-0000-4000-8000-000000000007', '30000000-0000-4000-8000-000000000008', '31000000-0000-4000-8000-000000000005', 'OT-00076', 'Ajuste de sillín y potencia para ergonomía.', 'Horquilla pierde aire y rebote irregular.', 'Solicita fotos del diagnóstico.', 5000, 10.00, NOW() - INTERVAL '54 days' - INTERVAL '17 hours', NOW() - INTERVAL '54 days' - INTERVAL '17 hours' + INTERVAL '5 days', NOW() - INTERVAL '54 days' - INTERVAL '17 hours' + INTERVAL '4 days', NOW() - INTERVAL '54 days' - INTERVAL '17 hours', NOW() - INTERVAL '54 days' - INTERVAL '17 hours'),
('32000000-0000-4000-8000-000000000077', '10000000-0000-4000-8000-000000000002', '11000000-0000-4000-8000-000000000003', '20000000-0000-4000-8000-000000000052', '15000000-0000-4000-8000-000000000007', '30000000-0000-4000-8000-000000000008', '31000000-0000-4000-8000-000000000003', 'OT-00077', 'Mantenimiento de 5000 km para bici de ruta.', 'Mantenimiento de 5000 km para bici de ruta.', 'Ajustar para carga de reparto diario.', 1000, 0.00, NOW() - INTERVAL '54 days' - INTERVAL '20 hours', NOW() - INTERVAL '54 days' - INTERVAL '20 hours' + INTERVAL '4 days', NOW() - INTERVAL '54 days' - INTERVAL '20 hours' + INTERVAL '3 days', NOW() - INTERVAL '54 days' - INTERVAL '20 hours', NOW() - INTERVAL '54 days' - INTERVAL '20 hours'),
('32000000-0000-4000-8000-000000000078', '10000000-0000-4000-8000-000000000002', '11000000-0000-4000-8000-000000000003', '20000000-0000-4000-8000-000000000056', '15000000-0000-4000-8000-000000000007', '30000000-0000-4000-8000-000000000004', '31000000-0000-4000-8000-000000000003', 'OT-00078', 'Freno trasero sin presión; pastillas desgastadas.', NULL, 'Revisar posición de sillín para dolor lumbar.', 0, 5.00, NOW() - INTERVAL '5 days' - INTERVAL '22 hours', NOW() - INTERVAL '5 days' - INTERVAL '22 hours' + INTERVAL '4 days', NULL, NOW() - INTERVAL '5 days' - INTERVAL '22 hours', NOW() - INTERVAL '5 days' - INTERVAL '22 hours'),
('32000000-0000-4000-8000-000000000079', '10000000-0000-4000-8000-000000000002', '11000000-0000-4000-8000-000000000003', '20000000-0000-4000-8000-000000000013', '15000000-0000-4000-8000-000000000007', '30000000-0000-4000-8000-000000000002', '31000000-0000-4000-8000-000000000002', 'OT-00079', 'Cambio no sube al plato grande; limitador desajustado.', NULL, 'Prefiere que se use repuestos Shimano originales.', 0, 0.00, NOW() - INTERVAL '15 days' - INTERVAL '12 hours', NOW() - INTERVAL '15 days' - INTERVAL '12 hours' + INTERVAL '7 days', NULL, NOW() - INTERVAL '15 days' - INTERVAL '12 hours', NOW() - INTERVAL '15 days' - INTERVAL '12 hours'),
('32000000-0000-4000-8000-000000000080', '10000000-0000-4000-8000-000000000002', '11000000-0000-4000-8000-000000000003', '20000000-0000-4000-8000-000000000051', '15000000-0000-4000-8000-000000000007', '30000000-0000-4000-8000-000000000007', '31000000-0000-4000-8000-000000000004', 'OT-00080', 'Freno delantero esponjoso y pastillas contaminadas.', 'Luz delantera no carga; conector oxidado.', 'No usar lubricante sintético (alergia).', 1000, 0.00, NOW() - INTERVAL '35 days' - INTERVAL '14 hours', NOW() - INTERVAL '35 days' - INTERVAL '14 hours' + INTERVAL '5 days', NULL, NOW() - INTERVAL '35 days' - INTERVAL '14 hours', NOW() - INTERVAL '35 days' - INTERVAL '14 hours'),
('32000000-0000-4000-8000-000000000081', '10000000-0000-4000-8000-000000000002', '11000000-0000-4000-8000-000000000003', '20000000-0000-4000-8000-000000000055', '15000000-0000-4000-8000-000000000007', '30000000-0000-4000-8000-000000000001', '31000000-0000-4000-8000-000000000005', 'OT-00081', 'Solicita revisión general antes de viaje largo.', NULL, 'Pide mantener el manillar original.', 1000, 0.00, NOW() - INTERVAL '31 days' - INTERVAL '0 hours', NOW() - INTERVAL '31 days' - INTERVAL '0 hours' + INTERVAL '4 days', NULL, NOW() - INTERVAL '31 days' - INTERVAL '0 hours', NOW() - INTERVAL '31 days' - INTERVAL '0 hours'),
('32000000-0000-4000-8000-000000000082', '10000000-0000-4000-8000-000000000002', '11000000-0000-4000-8000-000000000003', '20000000-0000-4000-8000-000000000018', '15000000-0000-4000-8000-000000000007', '30000000-0000-4000-8000-000000000007', '31000000-0000-4000-8000-000000000005', 'OT-00082', 'Neumático trasero desgastado y llanta descentrada.', 'Suspensión trasera hace ruido metálico.', 'Cliente solicita revisar presión para gran fondo del fin de semana.', 1000, 5.00, NOW() - INTERVAL '32 days' - INTERVAL '7 hours', NOW() - INTERVAL '32 days' - INTERVAL '7 hours' + INTERVAL '4 days', NULL, NOW() - INTERVAL '32 days' - INTERVAL '7 hours', NOW() - INTERVAL '32 days' - INTERVAL '7 hours'),
('32000000-0000-4000-8000-000000000083', '10000000-0000-4000-8000-000000000002', '11000000-0000-4000-8000-000000000003', '20000000-0000-4000-8000-000000000054', '15000000-0000-4000-8000-000000000007', '30000000-0000-4000-8000-000000000007', '31000000-0000-4000-8000-000000000006', 'OT-00083', 'Ruido en buje trasero; rodamientos secos.', 'Cadena salta en cambios bruscos.', 'Cliente solicita revisar presión para gran fondo del fin de semana.', 1000, 15.00, NOW() - INTERVAL '54 days' - INTERVAL '14 hours', NOW() - INTERVAL '54 days' - INTERVAL '14 hours' + INTERVAL '3 days', NULL, NOW() - INTERVAL '54 days' - INTERVAL '14 hours', NOW() - INTERVAL '54 days' - INTERVAL '14 hours'),
('32000000-0000-4000-8000-000000000084', '10000000-0000-4000-8000-000000000002', '11000000-0000-4000-8000-000000000003', '20000000-0000-4000-8000-000000000044', '15000000-0000-4000-8000-000000000007', '30000000-0000-4000-8000-000000000001', '31000000-0000-4000-8000-000000000001', 'OT-00084', 'Freno delantero esponjoso y pastillas contaminadas.', NULL, 'Revisar posición de sillín para dolor lumbar.', 1000, 5.00, NOW() - INTERVAL '9 days' - INTERVAL '14 hours', NOW() - INTERVAL '9 days' - INTERVAL '14 hours' + INTERVAL '3 days', NULL, NOW() - INTERVAL '9 days' - INTERVAL '14 hours', NOW() - INTERVAL '9 days' - INTERVAL '14 hours');
INSERT INTO orden_estados (id, orden_id, usuario_id, estado_anterior_id, estado_nuevo_id, observacion, created_at)
VALUES
('33000000-0000-4000-8000-000000000076', '32000000-0000-4000-8000-000000000055', '15000000-0000-4000-8000-000000000008', NULL, '30000000-0000-4000-8000-000000000001', 'Orden ingresada en recepcion.', NOW() - INTERVAL '41 days' - INTERVAL '8 hours'),
('33000000-0000-4000-8000-000000000077', '32000000-0000-4000-8000-000000000056', '15000000-0000-4000-8000-000000000008', NULL, '30000000-0000-4000-8000-000000000001', 'Orden ingresada en recepcion.', NOW() - INTERVAL '8 days' - INTERVAL '2 hours'),
('33000000-0000-4000-8000-000000000078', '32000000-0000-4000-8000-000000000056', '15000000-0000-4000-8000-000000000007', '30000000-0000-4000-8000-000000000001', '30000000-0000-4000-8000-000000000007', 'Cambio de estado operativo.', NOW() - INTERVAL '8 days' - INTERVAL '2 hours' + INTERVAL '1 hour'),
('33000000-0000-4000-8000-000000000079', '32000000-0000-4000-8000-000000000057', '15000000-0000-4000-8000-000000000008', NULL, '30000000-0000-4000-8000-000000000001', 'Orden ingresada en recepcion.', NOW() - INTERVAL '28 days' - INTERVAL '4 hours'),
('33000000-0000-4000-8000-000000000080', '32000000-0000-4000-8000-000000000057', '15000000-0000-4000-8000-000000000007', '30000000-0000-4000-8000-000000000001', '30000000-0000-4000-8000-000000000006', 'Cambio de estado operativo.', NOW() - INTERVAL '28 days' - INTERVAL '4 hours' + INTERVAL '1 hour'),
('33000000-0000-4000-8000-000000000081', '32000000-0000-4000-8000-000000000058', '15000000-0000-4000-8000-000000000008', NULL, '30000000-0000-4000-8000-000000000001', 'Orden ingresada en recepcion.', NOW() - INTERVAL '23 days' - INTERVAL '17 hours'),
('33000000-0000-4000-8000-000000000082', '32000000-0000-4000-8000-000000000058', '15000000-0000-4000-8000-000000000007', '30000000-0000-4000-8000-000000000001', '30000000-0000-4000-8000-000000000004', 'Cambio de estado operativo.', NOW() - INTERVAL '23 days' - INTERVAL '17 hours' + INTERVAL '1 hour'),
('33000000-0000-4000-8000-000000000083', '32000000-0000-4000-8000-000000000059', '15000000-0000-4000-8000-000000000008', NULL, '30000000-0000-4000-8000-000000000001', 'Orden ingresada en recepcion.', NOW() - INTERVAL '2 days' - INTERVAL '5 hours'),
('33000000-0000-4000-8000-000000000084', '32000000-0000-4000-8000-000000000059', '15000000-0000-4000-8000-000000000007', '30000000-0000-4000-8000-000000000001', '30000000-0000-4000-8000-000000000003', 'Cambio de estado operativo.', NOW() - INTERVAL '2 days' - INTERVAL '5 hours' + INTERVAL '1 hour'),
('33000000-0000-4000-8000-000000000085', '32000000-0000-4000-8000-000000000060', '15000000-0000-4000-8000-000000000008', NULL, '30000000-0000-4000-8000-000000000001', 'Orden ingresada en recepcion.', NOW() - INTERVAL '51 days' - INTERVAL '22 hours'),
('33000000-0000-4000-8000-000000000086', '32000000-0000-4000-8000-000000000060', '15000000-0000-4000-8000-000000000007', '30000000-0000-4000-8000-000000000001', '30000000-0000-4000-8000-000000000004', 'Cambio de estado operativo.', NOW() - INTERVAL '51 days' - INTERVAL '22 hours' + INTERVAL '1 hour'),
('33000000-0000-4000-8000-000000000087', '32000000-0000-4000-8000-000000000061', '15000000-0000-4000-8000-000000000008', NULL, '30000000-0000-4000-8000-000000000001', 'Orden ingresada en recepcion.', NOW() - INTERVAL '23 days' - INTERVAL '9 hours'),
('33000000-0000-4000-8000-000000000088', '32000000-0000-4000-8000-000000000061', '15000000-0000-4000-8000-000000000007', '30000000-0000-4000-8000-000000000001', '30000000-0000-4000-8000-000000000004', 'Cambio de estado operativo.', NOW() - INTERVAL '23 days' - INTERVAL '9 hours' + INTERVAL '1 hour'),
('33000000-0000-4000-8000-000000000089', '32000000-0000-4000-8000-000000000062', '15000000-0000-4000-8000-000000000008', NULL, '30000000-0000-4000-8000-000000000001', 'Orden ingresada en recepcion.', NOW() - INTERVAL '56 days' - INTERVAL '2 hours'),
('33000000-0000-4000-8000-000000000090', '32000000-0000-4000-8000-000000000062', '15000000-0000-4000-8000-000000000007', '30000000-0000-4000-8000-000000000001', '30000000-0000-4000-8000-000000000007', 'Cambio de estado operativo.', NOW() - INTERVAL '56 days' - INTERVAL '2 hours' + INTERVAL '1 hour'),
('33000000-0000-4000-8000-000000000091', '32000000-0000-4000-8000-000000000063', '15000000-0000-4000-8000-000000000008', NULL, '30000000-0000-4000-8000-000000000001', 'Orden ingresada en recepcion.', NOW() - INTERVAL '57 days' - INTERVAL '8 hours'),
('33000000-0000-4000-8000-000000000092', '32000000-0000-4000-8000-000000000063', '15000000-0000-4000-8000-000000000007', '30000000-0000-4000-8000-000000000001', '30000000-0000-4000-8000-000000000006', 'Cambio de estado operativo.', NOW() - INTERVAL '57 days' - INTERVAL '8 hours' + INTERVAL '1 hour'),
('33000000-0000-4000-8000-000000000093', '32000000-0000-4000-8000-000000000064', '15000000-0000-4000-8000-000000000008', NULL, '30000000-0000-4000-8000-000000000001', 'Orden ingresada en recepcion.', NOW() - INTERVAL '28 days' - INTERVAL '19 hours'),
('33000000-0000-4000-8000-000000000094', '32000000-0000-4000-8000-000000000064', '15000000-0000-4000-8000-000000000007', '30000000-0000-4000-8000-000000000001', '30000000-0000-4000-8000-000000000007', 'Cambio de estado operativo.', NOW() - INTERVAL '28 days' - INTERVAL '19 hours' + INTERVAL '1 hour'),
('33000000-0000-4000-8000-000000000095', '32000000-0000-4000-8000-000000000065', '15000000-0000-4000-8000-000000000008', NULL, '30000000-0000-4000-8000-000000000001', 'Orden ingresada en recepcion.', NOW() - INTERVAL '1 days' - INTERVAL '16 hours'),
('33000000-0000-4000-8000-000000000096', '32000000-0000-4000-8000-000000000066', '15000000-0000-4000-8000-000000000008', NULL, '30000000-0000-4000-8000-000000000001', 'Orden ingresada en recepcion.', NOW() - INTERVAL '5 days' - INTERVAL '21 hours'),
('33000000-0000-4000-8000-000000000097', '32000000-0000-4000-8000-000000000066', '15000000-0000-4000-8000-000000000007', '30000000-0000-4000-8000-000000000001', '30000000-0000-4000-8000-000000000004', 'Cambio de estado operativo.', NOW() - INTERVAL '5 days' - INTERVAL '21 hours' + INTERVAL '1 hour'),
('33000000-0000-4000-8000-000000000098', '32000000-0000-4000-8000-000000000067', '15000000-0000-4000-8000-000000000008', NULL, '30000000-0000-4000-8000-000000000001', 'Orden ingresada en recepcion.', NOW() - INTERVAL '33 days' - INTERVAL '9 hours'),
('33000000-0000-4000-8000-000000000099', '32000000-0000-4000-8000-000000000067', '15000000-0000-4000-8000-000000000007', '30000000-0000-4000-8000-000000000001', '30000000-0000-4000-8000-000000000002', 'Diagnostico iniciado.', NOW() - INTERVAL '33 days' - INTERVAL '9 hours' + INTERVAL '2 hours'),
('33000000-0000-4000-8000-000000000100', '32000000-0000-4000-8000-000000000068', '15000000-0000-4000-8000-000000000008', NULL, '30000000-0000-4000-8000-000000000001', 'Orden ingresada en recepcion.', NOW() - INTERVAL '13 days' - INTERVAL '13 hours'),
('33000000-0000-4000-8000-000000000101', '32000000-0000-4000-8000-000000000068', '15000000-0000-4000-8000-000000000007', '30000000-0000-4000-8000-000000000001', '30000000-0000-4000-8000-000000000005', 'Cambio de estado operativo.', NOW() - INTERVAL '13 days' - INTERVAL '13 hours' + INTERVAL '1 hour'),
('33000000-0000-4000-8000-000000000102', '32000000-0000-4000-8000-000000000069', '15000000-0000-4000-8000-000000000008', NULL, '30000000-0000-4000-8000-000000000001', 'Orden ingresada en recepcion.', NOW() - INTERVAL '20 days' - INTERVAL '9 hours'),
('33000000-0000-4000-8000-000000000103', '32000000-0000-4000-8000-000000000069', '15000000-0000-4000-8000-000000000007', '30000000-0000-4000-8000-000000000001', '30000000-0000-4000-8000-000000000005', 'Cambio de estado operativo.', NOW() - INTERVAL '20 days' - INTERVAL '9 hours' + INTERVAL '1 hour'),
('33000000-0000-4000-8000-000000000104', '32000000-0000-4000-8000-000000000070', '15000000-0000-4000-8000-000000000008', NULL, '30000000-0000-4000-8000-000000000001', 'Orden ingresada en recepcion.', NOW() - INTERVAL '29 days' - INTERVAL '21 hours'),
('33000000-0000-4000-8000-000000000105', '32000000-0000-4000-8000-000000000070', '15000000-0000-4000-8000-000000000007', '30000000-0000-4000-8000-000000000001', '30000000-0000-4000-8000-000000000006', 'Cambio de estado operativo.', NOW() - INTERVAL '29 days' - INTERVAL '21 hours' + INTERVAL '1 hour'),
('33000000-0000-4000-8000-000000000106', '32000000-0000-4000-8000-000000000071', '15000000-0000-4000-8000-000000000008', NULL, '30000000-0000-4000-8000-000000000001', 'Orden ingresada en recepcion.', NOW() - INTERVAL '6 days' - INTERVAL '7 hours'),
('33000000-0000-4000-8000-000000000107', '32000000-0000-4000-8000-000000000071', '15000000-0000-4000-8000-000000000007', '30000000-0000-4000-8000-000000000001', '30000000-0000-4000-8000-000000000002', 'Diagnostico iniciado.', NOW() - INTERVAL '6 days' - INTERVAL '7 hours' + INTERVAL '2 hours'),
('33000000-0000-4000-8000-000000000108', '32000000-0000-4000-8000-000000000072', '15000000-0000-4000-8000-000000000008', NULL, '30000000-0000-4000-8000-000000000001', 'Orden ingresada en recepcion.', NOW() - INTERVAL '16 days' - INTERVAL '15 hours'),
('33000000-0000-4000-8000-000000000109', '32000000-0000-4000-8000-000000000072', '15000000-0000-4000-8000-000000000007', '30000000-0000-4000-8000-000000000001', '30000000-0000-4000-8000-000000000003', 'Cambio de estado operativo.', NOW() - INTERVAL '16 days' - INTERVAL '15 hours' + INTERVAL '1 hour'),
('33000000-0000-4000-8000-000000000110', '32000000-0000-4000-8000-000000000073', '15000000-0000-4000-8000-000000000008', NULL, '30000000-0000-4000-8000-000000000001', 'Orden ingresada en recepcion.', NOW() - INTERVAL '46 days' - INTERVAL '22 hours'),
('33000000-0000-4000-8000-000000000111', '32000000-0000-4000-8000-000000000073', '15000000-0000-4000-8000-000000000007', '30000000-0000-4000-8000-000000000001', '30000000-0000-4000-8000-000000000007', 'Cambio de estado operativo.', NOW() - INTERVAL '46 days' - INTERVAL '22 hours' + INTERVAL '1 hour'),
('33000000-0000-4000-8000-000000000112', '32000000-0000-4000-8000-000000000074', '15000000-0000-4000-8000-000000000008', NULL, '30000000-0000-4000-8000-000000000001', 'Orden ingresada en recepcion.', NOW() - INTERVAL '15 days' - INTERVAL '5 hours'),
('33000000-0000-4000-8000-000000000113', '32000000-0000-4000-8000-000000000075', '15000000-0000-4000-8000-000000000008', NULL, '30000000-0000-4000-8000-000000000001', 'Orden ingresada en recepcion.', NOW() - INTERVAL '9 days' - INTERVAL '14 hours'),
('33000000-0000-4000-8000-000000000114', '32000000-0000-4000-8000-000000000075', '15000000-0000-4000-8000-000000000007', '30000000-0000-4000-8000-000000000001', '30000000-0000-4000-8000-000000000004', 'Cambio de estado operativo.', NOW() - INTERVAL '9 days' - INTERVAL '14 hours' + INTERVAL '1 hour'),
('33000000-0000-4000-8000-000000000115', '32000000-0000-4000-8000-000000000076', '15000000-0000-4000-8000-000000000008', NULL, '30000000-0000-4000-8000-000000000001', 'Orden ingresada en recepcion.', NOW() - INTERVAL '54 days' - INTERVAL '17 hours'),
('33000000-0000-4000-8000-000000000116', '32000000-0000-4000-8000-000000000076', '15000000-0000-4000-8000-000000000007', '30000000-0000-4000-8000-000000000001', '30000000-0000-4000-8000-000000000004', 'Trabajo iniciado.', NOW() - INTERVAL '54 days' - INTERVAL '17 hours' + INTERVAL '1 day'),
('33000000-0000-4000-8000-000000000117', '32000000-0000-4000-8000-000000000076', '15000000-0000-4000-8000-000000000007', '30000000-0000-4000-8000-000000000004', '30000000-0000-4000-8000-000000000007', 'Trabajo entregado y probado.', NOW() - INTERVAL '54 days' - INTERVAL '17 hours' + INTERVAL '4 days'),
('33000000-0000-4000-8000-000000000118', '32000000-0000-4000-8000-000000000077', '15000000-0000-4000-8000-000000000008', NULL, '30000000-0000-4000-8000-000000000001', 'Orden ingresada en recepcion.', NOW() - INTERVAL '54 days' - INTERVAL '20 hours'),
('33000000-0000-4000-8000-000000000119', '32000000-0000-4000-8000-000000000077', '15000000-0000-4000-8000-000000000007', '30000000-0000-4000-8000-000000000001', '30000000-0000-4000-8000-000000000004', 'Trabajo iniciado.', NOW() - INTERVAL '54 days' - INTERVAL '20 hours' + INTERVAL '1 day'),
('33000000-0000-4000-8000-000000000120', '32000000-0000-4000-8000-000000000077', '15000000-0000-4000-8000-000000000007', '30000000-0000-4000-8000-000000000004', '30000000-0000-4000-8000-000000000007', 'Trabajo entregado y probado.', NOW() - INTERVAL '54 days' - INTERVAL '20 hours' + INTERVAL '3 days'),
('33000000-0000-4000-8000-000000000121', '32000000-0000-4000-8000-000000000078', '15000000-0000-4000-8000-000000000008', NULL, '30000000-0000-4000-8000-000000000001', 'Orden ingresada en recepcion.', NOW() - INTERVAL '5 days' - INTERVAL '22 hours'),
('33000000-0000-4000-8000-000000000122', '32000000-0000-4000-8000-000000000078', '15000000-0000-4000-8000-000000000007', '30000000-0000-4000-8000-000000000001', '30000000-0000-4000-8000-000000000004', 'Cambio de estado operativo.', NOW() - INTERVAL '5 days' - INTERVAL '22 hours' + INTERVAL '1 hour'),
('33000000-0000-4000-8000-000000000123', '32000000-0000-4000-8000-000000000079', '15000000-0000-4000-8000-000000000008', NULL, '30000000-0000-4000-8000-000000000001', 'Orden ingresada en recepcion.', NOW() - INTERVAL '15 days' - INTERVAL '12 hours'),
('33000000-0000-4000-8000-000000000124', '32000000-0000-4000-8000-000000000079', '15000000-0000-4000-8000-000000000007', '30000000-0000-4000-8000-000000000001', '30000000-0000-4000-8000-000000000002', 'Diagnostico iniciado.', NOW() - INTERVAL '15 days' - INTERVAL '12 hours' + INTERVAL '2 hours'),
('33000000-0000-4000-8000-000000000125', '32000000-0000-4000-8000-000000000080', '15000000-0000-4000-8000-000000000008', NULL, '30000000-0000-4000-8000-000000000001', 'Orden ingresada en recepcion.', NOW() - INTERVAL '35 days' - INTERVAL '14 hours'),
('33000000-0000-4000-8000-000000000126', '32000000-0000-4000-8000-000000000080', '15000000-0000-4000-8000-000000000007', '30000000-0000-4000-8000-000000000001', '30000000-0000-4000-8000-000000000007', 'Cambio de estado operativo.', NOW() - INTERVAL '35 days' - INTERVAL '14 hours' + INTERVAL '1 hour'),
('33000000-0000-4000-8000-000000000127', '32000000-0000-4000-8000-000000000081', '15000000-0000-4000-8000-000000000008', NULL, '30000000-0000-4000-8000-000000000001', 'Orden ingresada en recepcion.', NOW() - INTERVAL '31 days' - INTERVAL '0 hours'),
('33000000-0000-4000-8000-000000000128', '32000000-0000-4000-8000-000000000082', '15000000-0000-4000-8000-000000000008', NULL, '30000000-0000-4000-8000-000000000001', 'Orden ingresada en recepcion.', NOW() - INTERVAL '32 days' - INTERVAL '7 hours'),
('33000000-0000-4000-8000-000000000129', '32000000-0000-4000-8000-000000000082', '15000000-0000-4000-8000-000000000007', '30000000-0000-4000-8000-000000000001', '30000000-0000-4000-8000-000000000007', 'Cambio de estado operativo.', NOW() - INTERVAL '32 days' - INTERVAL '7 hours' + INTERVAL '1 hour'),
('33000000-0000-4000-8000-000000000130', '32000000-0000-4000-8000-000000000083', '15000000-0000-4000-8000-000000000008', NULL, '30000000-0000-4000-8000-000000000001', 'Orden ingresada en recepcion.', NOW() - INTERVAL '54 days' - INTERVAL '14 hours'),
('33000000-0000-4000-8000-000000000131', '32000000-0000-4000-8000-000000000083', '15000000-0000-4000-8000-000000000007', '30000000-0000-4000-8000-000000000001', '30000000-0000-4000-8000-000000000007', 'Cambio de estado operativo.', NOW() - INTERVAL '54 days' - INTERVAL '14 hours' + INTERVAL '1 hour'),
('33000000-0000-4000-8000-000000000132', '32000000-0000-4000-8000-000000000084', '15000000-0000-4000-8000-000000000008', NULL, '30000000-0000-4000-8000-000000000001', 'Orden ingresada en recepcion.', NOW() - INTERVAL '9 days' - INTERVAL '14 hours');
INSERT INTO orden_comentarios (id, orden_id, usuario_id, texto, created_at)
VALUES
('34000000-0000-4000-8000-000000000036', '32000000-0000-4000-8000-000000000055', '15000000-0000-4000-8000-000000000008', 'Revisar garantía de componente antes de cobrar.', NOW() - INTERVAL '41 days' - INTERVAL '8 hours' + INTERVAL '18 hours'),
('34000000-0000-4000-8000-000000000037', '32000000-0000-4000-8000-000000000055', '15000000-0000-4000-8000-000000000008', 'Cliente prefiere recoger después de las 18:00.', NOW() - INTERVAL '41 days' - INTERVAL '8 hours' + INTERVAL '6 hours'),
('34000000-0000-4000-8000-000000000038', '32000000-0000-4000-8000-000000000058', '15000000-0000-4000-8000-000000000007', 'Cliente autoriza diagnostico, pero pide aprobar presupuesto por mensaje.', NOW() - INTERVAL '23 days' - INTERVAL '17 hours' + INTERVAL '42 hours'),
('34000000-0000-4000-8000-000000000039', '32000000-0000-4000-8000-000000000058', '15000000-0000-4000-8000-000000000007', 'Las pastillas venian contaminadas con aceite; se recomienda limpiar disco antes de entregar.', NOW() - INTERVAL '23 days' - INTERVAL '17 hours' + INTERVAL '16 hours'),
('34000000-0000-4000-8000-000000000040', '32000000-0000-4000-8000-000000000059', '15000000-0000-4000-8000-000000000007', 'Verificar que el manillar quede alineado con la rueda delantera.', NOW() - INTERVAL '2 days' - INTERVAL '5 hours' + INTERVAL '9 hours'),
('34000000-0000-4000-8000-000000000041', '32000000-0000-4000-8000-000000000061', '15000000-0000-4000-8000-000000000008', 'Cliente prefiere recoger después de las 18:00.', NOW() - INTERVAL '23 days' - INTERVAL '9 hours' + INTERVAL '24 hours'),
('34000000-0000-4000-8000-000000000042', '32000000-0000-4000-8000-000000000062', '15000000-0000-4000-8000-000000000007', 'Cliente prefiere recoger después de las 18:00.', NOW() - INTERVAL '56 days' - INTERVAL '2 hours' + INTERVAL '7 hours'),
('34000000-0000-4000-8000-000000000043', '32000000-0000-4000-8000-000000000067', '15000000-0000-4000-8000-000000000007', 'Ajustar posición de sillín según medición anterior.', NOW() - INTERVAL '33 days' - INTERVAL '9 hours' + INTERVAL '45 hours'),
('34000000-0000-4000-8000-000000000044', '32000000-0000-4000-8000-000000000069', '15000000-0000-4000-8000-000000000007', 'Ajustar posición de sillín según medición anterior.', NOW() - INTERVAL '20 days' - INTERVAL '9 hours' + INTERVAL '3 hours'),
('34000000-0000-4000-8000-000000000045', '32000000-0000-4000-8000-000000000069', '15000000-0000-4000-8000-000000000008', 'Cliente dejó candado en recepción; no olvidar entregar.', NOW() - INTERVAL '20 days' - INTERVAL '9 hours' + INTERVAL '28 hours'),
('34000000-0000-4000-8000-000000000046', '32000000-0000-4000-8000-000000000071', '15000000-0000-4000-8000-000000000007', 'Revisar garantía de componente antes de cobrar.', NOW() - INTERVAL '6 days' - INTERVAL '7 hours' + INTERVAL '32 hours'),
('34000000-0000-4000-8000-000000000047', '32000000-0000-4000-8000-000000000071', '15000000-0000-4000-8000-000000000007', 'Revisar garantía de componente antes de cobrar.', NOW() - INTERVAL '6 days' - INTERVAL '7 hours' + INTERVAL '24 hours'),
('34000000-0000-4000-8000-000000000048', '32000000-0000-4000-8000-000000000078', '15000000-0000-4000-8000-000000000008', 'Revisar garantía de componente antes de cobrar.', NOW() - INTERVAL '5 days' - INTERVAL '22 hours' + INTERVAL '47 hours'),
('34000000-0000-4000-8000-000000000049', '32000000-0000-4000-8000-000000000078', '15000000-0000-4000-8000-000000000008', 'Repuesto solicitado a proveedor; ETA 3 días.', NOW() - INTERVAL '5 days' - INTERVAL '22 hours' + INTERVAL '16 hours'),
('34000000-0000-4000-8000-000000000050', '32000000-0000-4000-8000-000000000080', '15000000-0000-4000-8000-000000000007', 'Bicicleta requiere limpieza profunda antes de entrega.', NOW() - INTERVAL '35 days' - INTERVAL '14 hours' + INTERVAL '37 hours'),
('34000000-0000-4000-8000-000000000051', '32000000-0000-4000-8000-000000000080', '15000000-0000-4000-8000-000000000008', 'Repuesto solicitado a proveedor; ETA 3 días.', NOW() - INTERVAL '35 days' - INTERVAL '14 hours' + INTERVAL '2 hours'),
('34000000-0000-4000-8000-000000000052', '32000000-0000-4000-8000-000000000082', '15000000-0000-4000-8000-000000000007', 'Repuesto solicitado a proveedor; ETA 3 días.', NOW() - INTERVAL '32 days' - INTERVAL '7 hours' + INTERVAL '17 hours'),
('34000000-0000-4000-8000-000000000053', '32000000-0000-4000-8000-000000000082', '15000000-0000-4000-8000-000000000008', 'Cliente prefiere recoger después de las 18:00.', NOW() - INTERVAL '32 days' - INTERVAL '7 hours' + INTERVAL '39 hours'),
('34000000-0000-4000-8000-000000000054', '32000000-0000-4000-8000-000000000084', '15000000-0000-4000-8000-000000000007', 'Cliente autoriza diagnostico, pero pide aprobar presupuesto por mensaje.', NOW() - INTERVAL '9 days' - INTERVAL '14 hours' + INTERVAL '16 hours');
INSERT INTO orden_servicios (id, orden_id, servicio_id, precio_base_snapshot, precio_aplicado, descuento_aplicado, notas, created_at)
VALUES
('35000000-0000-4000-8000-000000000076', '32000000-0000-4000-8000-000000000055', '21000000-0000-4000-8000-000000000008', 0, 0.00, 0.00, 'Servicio aplicado.', NOW() - INTERVAL '41 days' - INTERVAL '8 hours'),
('35000000-0000-4000-8000-000000000077', '32000000-0000-4000-8000-000000000055', '21000000-0000-4000-8000-000000000006', 24900, 23900.00, 0.00, 'Servicio aplicado.', NOW() - INTERVAL '41 days' - INTERVAL '8 hours'),
('35000000-0000-4000-8000-000000000078', '32000000-0000-4000-8000-000000000056', '21000000-0000-4000-8000-000000000008', 0, 0.00, 0.00, 'Servicio aplicado.', NOW() - INTERVAL '8 days' - INTERVAL '2 hours'),
('35000000-0000-4000-8000-000000000079', '32000000-0000-4000-8000-000000000056', '21000000-0000-4000-8000-000000000008', 0, 0.00, 0.00, 'Servicio aplicado.', NOW() - INTERVAL '8 days' - INTERVAL '2 hours'),
('35000000-0000-4000-8000-000000000080', '32000000-0000-4000-8000-000000000057', '21000000-0000-4000-8000-000000000005', 38900, 38900.00, 0.00, 'Servicio aplicado.', NOW() - INTERVAL '28 days' - INTERVAL '4 hours'),
('35000000-0000-4000-8000-000000000081', '32000000-0000-4000-8000-000000000058', '21000000-0000-4000-8000-000000000006', 24900, 24900.00, 0.00, 'Servicio aplicado.', NOW() - INTERVAL '23 days' - INTERVAL '17 hours'),
('35000000-0000-4000-8000-000000000082', '32000000-0000-4000-8000-000000000058', '21000000-0000-4000-8000-000000000008', 0, 0.00, 0.00, 'Servicio aplicado.', NOW() - INTERVAL '23 days' - INTERVAL '17 hours'),
('35000000-0000-4000-8000-000000000083', '32000000-0000-4000-8000-000000000059', '21000000-0000-4000-8000-000000000007', 15900, 9310.00, 1590.00, 'Servicio aplicado.', NOW() - INTERVAL '2 days' - INTERVAL '5 hours'),
('35000000-0000-4000-8000-000000000084', '32000000-0000-4000-8000-000000000060', '21000000-0000-4000-8000-000000000008', 0, 0.00, 0.00, 'Servicio aplicado.', NOW() - INTERVAL '51 days' - INTERVAL '22 hours'),
('35000000-0000-4000-8000-000000000085', '32000000-0000-4000-8000-000000000060', '21000000-0000-4000-8000-000000000007', 15900, 11810.00, 1590.00, 'Servicio aplicado.', NOW() - INTERVAL '51 days' - INTERVAL '22 hours'),
('35000000-0000-4000-8000-000000000086', '32000000-0000-4000-8000-000000000061', '21000000-0000-4000-8000-000000000007', 15900, 14400.00, 0.00, 'Servicio aplicado.', NOW() - INTERVAL '23 days' - INTERVAL '9 hours'),
('35000000-0000-4000-8000-000000000087', '32000000-0000-4000-8000-000000000061', '21000000-0000-4000-8000-000000000007', 15900, 14400.00, 0.00, 'Servicio aplicado.', NOW() - INTERVAL '23 days' - INTERVAL '9 hours'),
('35000000-0000-4000-8000-000000000088', '32000000-0000-4000-8000-000000000062', '21000000-0000-4000-8000-000000000007', 15900, 15400.00, 0.00, 'Servicio aplicado.', NOW() - INTERVAL '56 days' - INTERVAL '2 hours'),
('35000000-0000-4000-8000-000000000089', '32000000-0000-4000-8000-000000000062', '21000000-0000-4000-8000-000000000007', 15900, 15400.00, 0.00, 'Servicio aplicado.', NOW() - INTERVAL '56 days' - INTERVAL '2 hours'),
('35000000-0000-4000-8000-000000000090', '32000000-0000-4000-8000-000000000063', '21000000-0000-4000-8000-000000000006', 24900, 21165.00, 3735.00, 'Servicio aplicado.', NOW() - INTERVAL '57 days' - INTERVAL '8 hours'),
('35000000-0000-4000-8000-000000000091', '32000000-0000-4000-8000-000000000063', '21000000-0000-4000-8000-000000000005', 38900, 33065.00, 5835.00, 'Servicio aplicado.', NOW() - INTERVAL '57 days' - INTERVAL '8 hours'),
('35000000-0000-4000-8000-000000000092', '32000000-0000-4000-8000-000000000064', '21000000-0000-4000-8000-000000000007', 15900, 15105.00, 795.00, 'Servicio aplicado.', NOW() - INTERVAL '28 days' - INTERVAL '19 hours'),
('35000000-0000-4000-8000-000000000093', '32000000-0000-4000-8000-000000000065', '21000000-0000-4000-8000-000000000006', 24900, 21900.00, 0.00, 'Servicio aplicado.', NOW() - INTERVAL '1 days' - INTERVAL '16 hours'),
('35000000-0000-4000-8000-000000000094', '32000000-0000-4000-8000-000000000066', '21000000-0000-4000-8000-000000000006', 24900, 21900.00, 0.00, 'Servicio aplicado.', NOW() - INTERVAL '5 days' - INTERVAL '21 hours'),
('35000000-0000-4000-8000-000000000095', '32000000-0000-4000-8000-000000000067', '21000000-0000-4000-8000-000000000007', 15900, 15400.00, 0.00, 'Servicio aplicado.', NOW() - INTERVAL '33 days' - INTERVAL '9 hours'),
('35000000-0000-4000-8000-000000000096', '32000000-0000-4000-8000-000000000067', '21000000-0000-4000-8000-000000000007', 15900, 15400.00, 0.00, 'Servicio aplicado.', NOW() - INTERVAL '33 days' - INTERVAL '9 hours'),
('35000000-0000-4000-8000-000000000097', '32000000-0000-4000-8000-000000000068', '21000000-0000-4000-8000-000000000006', 24900, 21165.00, 3735.00, 'Servicio aplicado.', NOW() - INTERVAL '13 days' - INTERVAL '13 hours'),
('35000000-0000-4000-8000-000000000098', '32000000-0000-4000-8000-000000000069', '21000000-0000-4000-8000-000000000006', 24900, 23900.00, 0.00, 'Servicio aplicado.', NOW() - INTERVAL '20 days' - INTERVAL '9 hours'),
('35000000-0000-4000-8000-000000000099', '32000000-0000-4000-8000-000000000069', '21000000-0000-4000-8000-000000000007', 15900, 14900.00, 0.00, 'Servicio aplicado.', NOW() - INTERVAL '20 days' - INTERVAL '9 hours'),
('35000000-0000-4000-8000-000000000100', '32000000-0000-4000-8000-000000000070', '21000000-0000-4000-8000-000000000007', 15900, 15900.00, 0.00, 'Servicio aplicado.', NOW() - INTERVAL '29 days' - INTERVAL '21 hours'),
('35000000-0000-4000-8000-000000000101', '32000000-0000-4000-8000-000000000071', '21000000-0000-4000-8000-000000000006', 24900, 19900.00, 0.00, 'Servicio aplicado.', NOW() - INTERVAL '6 days' - INTERVAL '7 hours'),
('35000000-0000-4000-8000-000000000102', '32000000-0000-4000-8000-000000000072', '21000000-0000-4000-8000-000000000005', 38900, 35010.00, 3890.00, 'Servicio aplicado.', NOW() - INTERVAL '16 days' - INTERVAL '15 hours'),
('35000000-0000-4000-8000-000000000103', '32000000-0000-4000-8000-000000000072', '21000000-0000-4000-8000-000000000005', 38900, 35010.00, 3890.00, 'Servicio aplicado.', NOW() - INTERVAL '16 days' - INTERVAL '15 hours'),
('35000000-0000-4000-8000-000000000104', '32000000-0000-4000-8000-000000000073', '21000000-0000-4000-8000-000000000006', 24900, 24900.00, 0.00, 'Servicio aplicado.', NOW() - INTERVAL '46 days' - INTERVAL '22 hours'),
('35000000-0000-4000-8000-000000000105', '32000000-0000-4000-8000-000000000073', '21000000-0000-4000-8000-000000000008', 0, 0.00, 0.00, 'Servicio aplicado.', NOW() - INTERVAL '46 days' - INTERVAL '22 hours'),
('35000000-0000-4000-8000-000000000106', '32000000-0000-4000-8000-000000000074', '21000000-0000-4000-8000-000000000005', 38900, 33065.00, 5835.00, 'Servicio aplicado.', NOW() - INTERVAL '15 days' - INTERVAL '5 hours'),
('35000000-0000-4000-8000-000000000107', '32000000-0000-4000-8000-000000000075', '21000000-0000-4000-8000-000000000008', 0, 0.00, 0.00, 'Servicio aplicado.', NOW() - INTERVAL '9 days' - INTERVAL '14 hours'),
('35000000-0000-4000-8000-000000000108', '32000000-0000-4000-8000-000000000075', '21000000-0000-4000-8000-000000000008', 0, 0.00, 0.00, 'Servicio aplicado.', NOW() - INTERVAL '9 days' - INTERVAL '14 hours'),
('35000000-0000-4000-8000-000000000109', '32000000-0000-4000-8000-000000000076', '21000000-0000-4000-8000-000000000007', 15900, 11810.00, 1590.00, 'Servicio aplicado.', NOW() - INTERVAL '54 days' - INTERVAL '17 hours'),
('35000000-0000-4000-8000-000000000110', '32000000-0000-4000-8000-000000000076', '21000000-0000-4000-8000-000000000006', 24900, 19910.00, 2490.00, 'Servicio aplicado.', NOW() - INTERVAL '54 days' - INTERVAL '17 hours'),
('35000000-0000-4000-8000-000000000111', '32000000-0000-4000-8000-000000000077', '21000000-0000-4000-8000-000000000007', 15900, 14900.00, 0.00, 'Servicio aplicado.', NOW() - INTERVAL '54 days' - INTERVAL '20 hours'),
('35000000-0000-4000-8000-000000000112', '32000000-0000-4000-8000-000000000078', '21000000-0000-4000-8000-000000000005', 38900, 36955.00, 1945.00, 'Servicio aplicado.', NOW() - INTERVAL '5 days' - INTERVAL '22 hours'),
('35000000-0000-4000-8000-000000000113', '32000000-0000-4000-8000-000000000078', '21000000-0000-4000-8000-000000000005', 38900, 36955.00, 1945.00, 'Servicio aplicado.', NOW() - INTERVAL '5 days' - INTERVAL '22 hours'),
('35000000-0000-4000-8000-000000000114', '32000000-0000-4000-8000-000000000079', '21000000-0000-4000-8000-000000000008', 0, 0.00, 0.00, 'Servicio aplicado.', NOW() - INTERVAL '15 days' - INTERVAL '12 hours'),
('35000000-0000-4000-8000-000000000115', '32000000-0000-4000-8000-000000000079', '21000000-0000-4000-8000-000000000005', 38900, 38900.00, 0.00, 'Servicio aplicado.', NOW() - INTERVAL '15 days' - INTERVAL '12 hours'),
('35000000-0000-4000-8000-000000000116', '32000000-0000-4000-8000-000000000080', '21000000-0000-4000-8000-000000000006', 24900, 23900.00, 0.00, 'Servicio aplicado.', NOW() - INTERVAL '35 days' - INTERVAL '14 hours'),
('35000000-0000-4000-8000-000000000117', '32000000-0000-4000-8000-000000000081', '21000000-0000-4000-8000-000000000007', 15900, 14900.00, 0.00, 'Servicio aplicado.', NOW() - INTERVAL '31 days' - INTERVAL '0 hours'),
('35000000-0000-4000-8000-000000000118', '32000000-0000-4000-8000-000000000082', '21000000-0000-4000-8000-000000000006', 24900, 22655.00, 1245.00, 'Servicio aplicado.', NOW() - INTERVAL '32 days' - INTERVAL '7 hours'),
('35000000-0000-4000-8000-000000000119', '32000000-0000-4000-8000-000000000083', '21000000-0000-4000-8000-000000000008', 0, 0.00, 0.00, 'Servicio aplicado.', NOW() - INTERVAL '54 days' - INTERVAL '14 hours'),
('35000000-0000-4000-8000-000000000120', '32000000-0000-4000-8000-000000000084', '21000000-0000-4000-8000-000000000008', 0, 0.00, 0.00, 'Servicio aplicado.', NOW() - INTERVAL '9 days' - INTERVAL '14 hours');
INSERT INTO orden_productos (id, orden_id, producto_id, cantidad, precio_costo_snapshot, precio_venta_snapshot, precio_aplicado, proporcionado_por_cliente, notas, created_at)
VALUES
('36000000-0000-4000-8000-000000000021', '32000000-0000-4000-8000-000000000055', '24000000-0000-4000-8000-000000000034', 1, 25000, 29501, 29501.00, FALSE, 'Producto aplicado.', NOW() - INTERVAL '41 days' - INTERVAL '8 hours'),
('36000000-0000-4000-8000-000000000022', '32000000-0000-4000-8000-000000000055', '24000000-0000-4000-8000-000000000030', 1, 3200, 12962, 12962.00, FALSE, 'Producto aplicado.', NOW() - INTERVAL '41 days' - INTERVAL '8 hours'),
('36000000-0000-4000-8000-000000000023', '32000000-0000-4000-8000-000000000058', '24000000-0000-4000-8000-000000000032', 1, 8500, 11923, 11923.00, FALSE, 'Producto aplicado.', NOW() - INTERVAL '23 days' - INTERVAL '17 hours'),
('36000000-0000-4000-8000-000000000024', '32000000-0000-4000-8000-000000000060', '24000000-0000-4000-8000-000000000037', 1, 42000, 46385, 41746.50, FALSE, 'Producto aplicado.', NOW() - INTERVAL '51 days' - INTERVAL '22 hours'),
('36000000-0000-4000-8000-000000000025', '32000000-0000-4000-8000-000000000060', '24000000-0000-4000-8000-000000000030', 1, 8500, 12860, 11574.00, FALSE, 'Producto aplicado.', NOW() - INTERVAL '51 days' - INTERVAL '22 hours'),
('36000000-0000-4000-8000-000000000026', '32000000-0000-4000-8000-000000000063', '24000000-0000-4000-8000-000000000034', 1, 8500, 13982, 11884.70, FALSE, 'Producto aplicado.', NOW() - INTERVAL '57 days' - INTERVAL '8 hours'),
('36000000-0000-4000-8000-000000000027', '32000000-0000-4000-8000-000000000064', '24000000-0000-4000-8000-000000000032', 1, 15000, 23771, 22582.45, FALSE, 'Producto aplicado.', NOW() - INTERVAL '28 days' - INTERVAL '19 hours'),
('36000000-0000-4000-8000-000000000028', '32000000-0000-4000-8000-000000000065', '24000000-0000-4000-8000-000000000032', 1, 15000, 21874, 21874.00, FALSE, 'Producto aplicado.', NOW() - INTERVAL '1 days' - INTERVAL '16 hours'),
('36000000-0000-4000-8000-000000000029', '32000000-0000-4000-8000-000000000068', '24000000-0000-4000-8000-000000000037', 1, 15000, 22732, 19322.20, FALSE, 'Producto aplicado.', NOW() - INTERVAL '13 days' - INTERVAL '13 hours'),
('36000000-0000-4000-8000-000000000030', '32000000-0000-4000-8000-000000000069', '24000000-0000-4000-8000-000000000038', 1, 42000, 47586, 47586.00, FALSE, 'Producto aplicado.', NOW() - INTERVAL '20 days' - INTERVAL '9 hours'),
('36000000-0000-4000-8000-000000000031', '32000000-0000-4000-8000-000000000069', '24000000-0000-4000-8000-000000000031', 1, 1200, 10486, 10486.00, FALSE, 'Producto aplicado.', NOW() - INTERVAL '20 days' - INTERVAL '9 hours'),
('36000000-0000-4000-8000-000000000032', '32000000-0000-4000-8000-000000000070', '24000000-0000-4000-8000-000000000034', 1, 1200, 3948, 3948.00, FALSE, 'Producto aplicado.', NOW() - INTERVAL '29 days' - INTERVAL '21 hours'),
('36000000-0000-4000-8000-000000000033', '32000000-0000-4000-8000-000000000070', '24000000-0000-4000-8000-000000000033', 1, 1200, 9464, 9464.00, FALSE, 'Producto aplicado.', NOW() - INTERVAL '29 days' - INTERVAL '21 hours'),
('36000000-0000-4000-8000-000000000034', '32000000-0000-4000-8000-000000000072', '24000000-0000-4000-8000-000000000032', 1, 42000, 48251, 43425.90, FALSE, 'Producto aplicado.', NOW() - INTERVAL '16 days' - INTERVAL '15 hours'),
('36000000-0000-4000-8000-000000000035', '32000000-0000-4000-8000-000000000075', '24000000-0000-4000-8000-000000000037', 1, 3200, 9050, 8597.50, FALSE, 'Producto aplicado.', NOW() - INTERVAL '9 days' - INTERVAL '14 hours'),
('36000000-0000-4000-8000-000000000036', '32000000-0000-4000-8000-000000000075', '24000000-0000-4000-8000-000000000035', 1, 25000, 29730, 28243.50, FALSE, 'Producto aplicado.', NOW() - INTERVAL '9 days' - INTERVAL '14 hours'),
('36000000-0000-4000-8000-000000000037', '32000000-0000-4000-8000-000000000076', '24000000-0000-4000-8000-000000000032', 1, 18000, 23372, 21034.80, FALSE, 'Producto aplicado.', NOW() - INTERVAL '54 days' - INTERVAL '17 hours'),
('36000000-0000-4000-8000-000000000038', '32000000-0000-4000-8000-000000000078', '24000000-0000-4000-8000-000000000038', 1, 1200, 6925, 6578.75, FALSE, 'Producto aplicado.', NOW() - INTERVAL '5 days' - INTERVAL '22 hours'),
('36000000-0000-4000-8000-000000000039', '32000000-0000-4000-8000-000000000078', '24000000-0000-4000-8000-000000000031', 1, 18000, 22067, 20963.65, FALSE, 'Producto aplicado.', NOW() - INTERVAL '5 days' - INTERVAL '22 hours'),
('36000000-0000-4000-8000-000000000040', '32000000-0000-4000-8000-000000000079', '24000000-0000-4000-8000-000000000038', 1, 1200, 8587, 8587.00, FALSE, 'Producto aplicado.', NOW() - INTERVAL '15 days' - INTERVAL '12 hours'),
('36000000-0000-4000-8000-000000000041', '32000000-0000-4000-8000-000000000079', '24000000-0000-4000-8000-000000000038', 1, 42000, 47385, 47385.00, FALSE, 'Producto aplicado.', NOW() - INTERVAL '15 days' - INTERVAL '12 hours'),
('36000000-0000-4000-8000-000000000042', '32000000-0000-4000-8000-000000000080', '24000000-0000-4000-8000-000000000037', 1, 42000, 50225, 50225.00, FALSE, 'Producto aplicado.', NOW() - INTERVAL '35 days' - INTERVAL '14 hours'),
('36000000-0000-4000-8000-000000000043', '32000000-0000-4000-8000-000000000080', '24000000-0000-4000-8000-000000000030', 1, 8500, 12687, 12687.00, FALSE, 'Producto aplicado.', NOW() - INTERVAL '35 days' - INTERVAL '14 hours'),
('36000000-0000-4000-8000-000000000044', '32000000-0000-4000-8000-000000000083', '24000000-0000-4000-8000-000000000031', 1, 1200, 11172, 9496.20, FALSE, 'Producto aplicado.', NOW() - INTERVAL '54 days' - INTERVAL '14 hours'),
('36000000-0000-4000-8000-000000000045', '32000000-0000-4000-8000-000000000083', '24000000-0000-4000-8000-000000000033', 1, 5500, 10045, 8538.25, FALSE, 'Producto aplicado.', NOW() - INTERVAL '54 days' - INTERVAL '14 hours');
INSERT INTO multimedia (id, orden_id, usuario_id, url, tipo_archivo, etapa, descripcion, created_at)
VALUES
('42000000-0000-4000-8000-000000000004', '32000000-0000-4000-8000-000000000056', '15000000-0000-4000-8000-000000000007', 'https://cdn.veloservice.cl/ordenes/OT-00056/entrega-83.jpg', 'imagen', 'entrega', 'Entrega de orden OT-00056.', NOW() - INTERVAL '8 days' - INTERVAL '2 hours'),
('42000000-0000-4000-8000-000000000005', '32000000-0000-4000-8000-000000000060', '15000000-0000-4000-8000-000000000007', 'https://cdn.veloservice.cl/ordenes/OT-00060/entrega-59.jpg', 'imagen', 'entrega', 'Entrega de orden OT-00060.', NOW() - INTERVAL '51 days' - INTERVAL '22 hours'),
('42000000-0000-4000-8000-000000000006', '32000000-0000-4000-8000-000000000060', '15000000-0000-4000-8000-000000000007', 'https://cdn.veloservice.cl/ordenes/OT-00060/entrega-77.jpg', 'imagen', 'entrega', 'Entrega de orden OT-00060.', NOW() - INTERVAL '51 days' - INTERVAL '22 hours'),
('42000000-0000-4000-8000-000000000007', '32000000-0000-4000-8000-000000000062', '15000000-0000-4000-8000-000000000007', 'https://cdn.veloservice.cl/ordenes/OT-00062/doc-37.pdf', 'documento', 'reparacion', 'Reparacion de orden OT-00062.', NOW() - INTERVAL '56 days' - INTERVAL '2 hours'),
('42000000-0000-4000-8000-000000000008', '32000000-0000-4000-8000-000000000062', '15000000-0000-4000-8000-000000000007', 'https://cdn.veloservice.cl/ordenes/OT-00062/entrega-58.jpg', 'imagen', 'entrega', 'Entrega de orden OT-00062.', NOW() - INTERVAL '56 days' - INTERVAL '2 hours'),
('42000000-0000-4000-8000-000000000009', '32000000-0000-4000-8000-000000000068', '15000000-0000-4000-8000-000000000007', 'https://cdn.veloservice.cl/ordenes/OT-00068/entrega-53.jpg', 'imagen', 'entrega', 'Entrega de orden OT-00068.', NOW() - INTERVAL '13 days' - INTERVAL '13 hours'),
('42000000-0000-4000-8000-000000000010', '32000000-0000-4000-8000-000000000076', '15000000-0000-4000-8000-000000000007', 'https://cdn.veloservice.cl/ordenes/OT-00076/doc-57.pdf', 'documento', 'diagnostico', 'Diagnostico de orden OT-00076.', NOW() - INTERVAL '54 days' - INTERVAL '17 hours'),
('42000000-0000-4000-8000-000000000011', '32000000-0000-4000-8000-000000000082', '15000000-0000-4000-8000-000000000007', 'https://cdn.veloservice.cl/ordenes/OT-00082/doc-89.pdf', 'documento', 'reparacion', 'Reparacion de orden OT-00082.', NOW() - INTERVAL '32 days' - INTERVAL '7 hours'),
('42000000-0000-4000-8000-000000000012', '32000000-0000-4000-8000-000000000082', '15000000-0000-4000-8000-000000000007', 'https://cdn.veloservice.cl/ordenes/OT-00082/doc-69.pdf', 'documento', 'ingreso', 'Ingreso de orden OT-00082.', NOW() - INTERVAL '32 days' - INTERVAL '7 hours');
INSERT INTO notificaciones (id, orden_id, canal, tipo, mensaje, estado, intentos, programada_para, enviada_at, created_at)
VALUES
('43000000-0000-4000-8000-000000000004', '32000000-0000-4000-8000-000000000059', 'whatsapp', 'listo_para_entrega', 'Tu bicicleta está lista para retiro. Horario: 9:00 a 18:00.', 'enviada', 1, NOW() - INTERVAL '2 days' - INTERVAL '5 hours', NOW() - INTERVAL '2 days' - INTERVAL '5 hours' + INTERVAL '2 hours', NOW() - INTERVAL '2 days' - INTERVAL '5 hours'),
('43000000-0000-4000-8000-000000000005', '32000000-0000-4000-8000-000000000061', 'email', 'confirmacion', 'Orden recibida. Te contactaremos cuando el diagnóstico esté listo.', 'enviada', 1, NOW() - INTERVAL '23 days' - INTERVAL '9 hours', NOW() - INTERVAL '23 days' - INTERVAL '9 hours' + INTERVAL '2 hours', NOW() - INTERVAL '23 days' - INTERVAL '9 hours'),
('43000000-0000-4000-8000-000000000006', '32000000-0000-4000-8000-000000000064', 'email', 'factura', 'Tu documento de venta fue emitido. Puedes descargarlo desde el portal.', 'pendiente', 1, NOW() - INTERVAL '28 days' - INTERVAL '19 hours', NULL, NOW() - INTERVAL '28 days' - INTERVAL '19 hours'),
('43000000-0000-4000-8000-000000000007', '32000000-0000-4000-8000-000000000065', 'email', 'listo_para_entrega', 'Tu bicicleta está lista para retiro. Horario: 9:00 a 18:00.', 'pendiente', 1, NOW() - INTERVAL '1 days' - INTERVAL '16 hours', NULL, NOW() - INTERVAL '1 days' - INTERVAL '16 hours'),
('43000000-0000-4000-8000-000000000008', '32000000-0000-4000-8000-000000000068', 'email', 'confirmacion', 'Orden recibida. Te contactaremos cuando el diagnóstico esté listo.', 'enviada', 1, NOW() - INTERVAL '13 days' - INTERVAL '13 hours', NOW() - INTERVAL '13 days' - INTERVAL '13 hours' + INTERVAL '2 hours', NOW() - INTERVAL '13 days' - INTERVAL '13 hours'),
('43000000-0000-4000-8000-000000000009', '32000000-0000-4000-8000-000000000071', 'whatsapp', 'confirmacion', 'Orden recibida. Te contactaremos cuando el diagnóstico esté listo.', 'pendiente', 1, NOW() - INTERVAL '6 days' - INTERVAL '7 hours', NULL, NOW() - INTERVAL '6 days' - INTERVAL '7 hours'),
('43000000-0000-4000-8000-000000000010', '32000000-0000-4000-8000-000000000075', 'email', 'actualizacion_estado', 'Tu bicicleta cambió de estado. Te avisaremos cuando esté lista.', 'pendiente', 1, NOW() - INTERVAL '9 days' - INTERVAL '14 hours', NULL, NOW() - INTERVAL '9 days' - INTERVAL '14 hours'),
('43000000-0000-4000-8000-000000000011', '32000000-0000-4000-8000-000000000078', 'whatsapp', 'factura', 'Tu documento de venta fue emitido. Puedes descargarlo desde el portal.', 'pendiente', 1, NOW() - INTERVAL '5 days' - INTERVAL '22 hours', NULL, NOW() - INTERVAL '5 days' - INTERVAL '22 hours'),
('43000000-0000-4000-8000-000000000012', '32000000-0000-4000-8000-000000000080', 'whatsapp', 'confirmacion', 'Orden recibida. Te contactaremos cuando el diagnóstico esté listo.', 'enviada', 1, NOW() - INTERVAL '35 days' - INTERVAL '14 hours', NOW() - INTERVAL '35 days' - INTERVAL '14 hours' + INTERVAL '2 hours', NOW() - INTERVAL '35 days' - INTERVAL '14 hours'),
('43000000-0000-4000-8000-000000000013', '32000000-0000-4000-8000-000000000081', 'whatsapp', 'factura', 'Tu documento de venta fue emitido. Puedes descargarlo desde el portal.', 'pendiente', 1, NOW() - INTERVAL '31 days' - INTERVAL '0 hours', NULL, NOW() - INTERVAL '31 days' - INTERVAL '0 hours'),
('43000000-0000-4000-8000-000000000014', '32000000-0000-4000-8000-000000000082', 'whatsapp', 'factura', 'Tu documento de venta fue emitido. Puedes descargarlo desde el portal.', 'enviada', 1, NOW() - INTERVAL '32 days' - INTERVAL '7 hours', NOW() - INTERVAL '32 days' - INTERVAL '7 hours' + INTERVAL '2 hours', NOW() - INTERVAL '32 days' - INTERVAL '7 hours');
INSERT INTO cobros (id, orden_id, usuario_id, tipo_documento, numero_documento, subtotal_servicios, subtotal_productos, descuento_membresia, descuento_manual, neto, iva, total, metodo_pago, estado, folio_sii, estado_sii, fecha_pago, anulada_at, motivo_anulacion, created_at)
VALUES
('44000000-0000-4000-8000-000000000002', '32000000-0000-4000-8000-000000000057', '15000000-0000-4000-8000-000000000008', 'boleta', 'B-000147', 0, 9900, 0.00, 0, 9900.00, 1881.00, 11781.00, 'debito', 'pagado', '756423', 'aceptado', NOW() - INTERVAL '28 days' - INTERVAL '4 hours' + INTERVAL '3 days', NULL, NULL, NOW() - INTERVAL '28 days' - INTERVAL '4 hours' + INTERVAL '3 days'),
('44000000-0000-4000-8000-000000000003', '32000000-0000-4000-8000-000000000063', '15000000-0000-4000-8000-000000000008', 'boleta', 'B-000148', 24900, 0, 3735.00, 0, 21165.00, 4021.35, 25186.35, 'credito', 'pagado', '756424', 'aceptado', NOW() - INTERVAL '57 days' - INTERVAL '8 hours' + INTERVAL '3 days', NULL, NULL, NOW() - INTERVAL '57 days' - INTERVAL '8 hours' + INTERVAL '3 days');
COMMIT;
